timestamp,open,high,low,close,volume
2025-07-02 11:57:32.089,52803.12,53890.85,52089.44,53600.01,1517875.0
2025-07-02 12:12:32.089,53415.13,54391.69,52376.27,54391.69,1777434.0
2025-07-02 12:27:32.089,55063.35,55969.8,53947.45,55969.8,613534.0
2025-07-02 12:42:32.089,56710.58,57639.23,55110.85,55610.19,1417677.0
2025-07-02 12:57:32.089,54693.28,55762.72,53788.92,55762.72,1453167.0
2025-07-02 13:12:32.089,56569.62,56744.9,55434.2,55613.42,509501.0
2025-07-02 13:27:32.089,55877.36,56494.7,54500.89,55939.48,541643.0
2025-07-02 13:42:32.089,55644.43,56945.87,55385.8,55676.67,1272467.0
2025-07-02 13:57:32.089,54888.57,56513.52,54502.38,54502.38,1323505.0
2025-07-02 14:12:32.089,54501.99,54728.35,53739.87,54690.27,1740178.0
2025-07-02 14:27:32.089,55716.21,57077.63,54570.56,56063.58,865857.0
2025-07-02 14:42:32.089,55886.03,56415.78,55394.88,55616.44,650761.0
2025-07-02 14:57:32.089,56427.33,57018.85,54797.73,57018.85,552502.0
2025-07-02 15:12:32.089,57825.49,59292.35,56192.99,57075.79,1969452.0
2025-07-02 15:27:32.089,56748.93,57369.26,56215.86,57369.26,1204671.0
2025-07-02 15:42:32.089,56870.91,57943.43,56295.5,57943.43,679913.0
2025-07-02 15:57:32.089,58605.19,59590.54,57560.14,59590.54,1121905.0
2025-07-02 16:12:32.089,58913.47,60072.73,58375.91,59387.21,1843275.0
2025-07-02 16:27:32.089,58738.89,59825.18,58187.92,59825.18,711441.0
2025-07-02 16:42:32.089,59040.52,60280.77,58045.45,58974.99,781935.0
2025-07-02 16:57:32.089,59278.24,60985.1,57924.01,58305.12,632121.0
2025-07-02 17:12:32.089,58997.42,60067.93,57618.34,58558.98,804304.0
2025-07-02 17:27:32.089,57551.31,58961.91,57353.55,57600.58,746282.0
2025-07-02 17:42:32.089,57286.91,58949.18,55863.02,57207.57,1935619.0
2025-07-02 17:57:32.089,56778.95,58320.68,55701.99,57022.66,1272108.0
2025-07-02 18:12:32.089,57954.92,59315.38,57213.07,57624.86,556375.0
2025-07-02 18:27:32.089,57541.77,58516.38,56809.41,57397.85,1990597.0
2025-07-02 18:42:32.089,57865.25,58800.04,57030.8,58759.23,1913137.0
2025-07-02 18:57:32.089,57870.53,59595.24,56948.38,56948.38,1904621.0
2025-07-02 19:12:32.089,57082.16,58358.29,55874.42,56949.07,649557.0
2025-07-02 19:27:32.089,58033.53,58974.76,56357.4,58692.39,1220901.0
2025-07-02 19:42:32.089,58861.89,59498.53,58799.19,59063.12,665728.0
2025-07-02 19:57:32.089,59692.26,61134.47,59220.0,59220.0,562527.0
2025-07-02 20:12:32.089,59323.39,60625.74,57802.52,60150.02,1122144.0
2025-07-02 20:27:32.089,60847.45,62550.9,59417.35,61189.07,768325.0
2025-07-02 20:42:32.089,61529.74,61893.45,60560.01,61876.74,1752788.0
2025-07-02 20:57:32.089,62371.84,63565.61,62166.09,62647.46,1411178.0
2025-07-02 21:12:32.089,62269.44,62785.64,61465.13,62368.26,1310026.0
2025-07-02 21:27:32.089,62572.99,64050.34,62131.97,62131.97,1887462.0
2025-07-02 21:42:32.089,63189.64,63470.47,61428.0,62830.69,1113304.0
2025-07-02 21:57:32.089,62584.33,63597.15,61794.62,63597.15,662574.0
2025-07-02 22:12:32.089,64483.88,66370.23,63550.24,63550.24,1395827.0
2025-07-02 22:27:32.089,63686.35,64137.33,63100.55,63100.55,831820.0
2025-07-02 22:42:32.089,62421.06,63634.74,61447.93,62917.31,1663860.0
2025-07-02 22:57:32.089,62326.65,64112.52,62052.12,62971.37,1597392.0
2025-07-02 23:12:32.089,63468.2,64632.2,61631.55,63945.77,1718574.0
2025-07-02 23:27:32.089,63044.07,64526.71,62125.08,62791.87,1593622.0
2025-07-02 23:42:32.089,61949.96,62812.4,60097.5,61751.75,540336.0
2025-07-02 23:57:32.089,61773.33,63250.14,60789.65,61023.41,1692447.0
2025-07-03 00:12:32.089,62039.53,63321.3,61188.08,63028.12,1627970.0
2025-07-03 00:27:32.089,63146.61,64659.65,63045.23,64196.88,871983.0
2025-07-03 00:42:32.089,63436.4,64352.53,62141.56,63032.69,599419.0
2025-07-03 00:57:32.089,63465.01,64592.25,61855.83,63040.68,1295397.0
2025-07-03 01:12:32.089,62057.3,62372.01,60442.47,62372.01,1530348.0
2025-07-03 01:27:32.089,61383.13,62937.7,59590.79,61435.2,1894467.0
2025-07-03 01:42:32.089,61951.46,63670.37,60854.24,62821.88,1436728.0
2025-07-03 01:57:32.089,62082.92,62259.39,61405.47,62259.39,947846.0
2025-07-03 02:12:32.089,61783.78,63150.43,61333.44,62733.83,1049327.0
2025-07-03 02:27:32.089,63061.53,64242.87,61195.31,62376.84,858025.0
2025-07-03 02:42:32.089,61893.29,62967.74,60458.94,61851.51,1493572.0
2025-07-03 02:57:32.089,62669.9,63451.82,62171.68,62567.17,1097257.0
2025-07-03 03:12:32.089,63687.38,64510.86,62826.06,62826.06,1800562.0
2025-07-03 03:27:32.089,63704.32,65445.94,63293.64,63657.22,596065.0
2025-07-03 03:42:32.089,64751.38,66405.32,63031.08,64857.94,549912.0
2025-07-03 03:57:32.089,63798.72,64812.82,62302.21,64681.93,966799.0
2025-07-03 04:12:32.089,65780.34,65815.38,63990.06,65178.56,1018087.0
2025-07-03 04:27:32.089,65238.33,66979.78,65096.84,66071.13,1020972.0
2025-07-03 04:42:32.089,66458.29,67560.1,65253.33,67095.09,502283.0
2025-07-03 04:57:32.089,68145.87,69950.51,66436.67,68916.87,1089831.0
2025-07-03 05:12:32.089,68692.89,70330.93,68506.55,68815.3,548950.0
2025-07-03 05:27:32.089,68407.71,69064.29,67039.11,69064.29,1020977.0
2025-07-03 05:42:32.089,69797.32,71073.93,68068.99,71073.93,1198818.0
2025-07-03 05:57:32.089,71777.21,72552.02,70605.64,72302.75,1553085.0
2025-07-03 06:12:32.089,73423.12,74817.8,71911.23,73444.1,545130.0
2025-07-03 06:27:32.089,74794.86,75268.45,73409.59,75268.45,1252446.0
2025-07-03 06:42:32.089,76195.26,77126.97,74457.99,77014.53,1514754.0
2025-07-03 06:57:32.089,76340.06,77839.02,76218.43,77839.02,673073.0
2025-07-03 07:12:32.089,77723.35,78814.0,76532.16,76641.62,1979220.0
2025-07-03 07:27:32.089,75329.65,75609.66,73893.74,73893.74,503438.0
2025-07-03 07:42:32.089,74501.49,75495.81,72827.2,75495.81,1115765.0
2025-07-03 07:57:32.089,76297.81,77864.21,75829.21,77449.61,1023592.0
2025-07-03 08:12:32.089,78284.71,79171.93,76425.56,78284.17,850698.0
2025-07-03 08:27:32.089,79589.41,79927.96,78299.74,78299.74,724291.0
2025-07-03 08:42:32.089,78433.09,79959.58,77104.08,79959.58,699450.0
2025-07-03 08:57:32.089,80757.1,82282.31,80151.14,80151.14,1181974.0
2025-07-03 09:12:32.089,80442.55,82606.44,78845.73,81546.41,848049.0
2025-07-03 09:27:32.089,83028.11,84642.79,81278.91,84642.79,1646525.0
2025-07-03 09:42:32.089,83000.75,84155.16,81774.26,83619.17,1769141.0
2025-07-03 09:57:32.089,84655.35,86899.5,82298.86,83548.71,1327178.0
2025-07-03 10:12:32.089,83201.03,83433.74,81627.05,81627.05,745486.0
2025-07-03 10:27:32.089,81027.02,83111.38,79736.35,79736.35,1817694.0
2025-07-03 10:42:32.089,80433.8,81214.61,80069.58,81214.61,779038.0
2025-07-03 10:57:32.089,82510.89,83970.04,81296.74,81458.62,626639.0
2025-07-03 11:12:32.089,81426.99,82554.3,79131.6,79975.54,559049.0
2025-07-03 11:27:32.089,79127.42,80005.68,77946.43,79012.1,522690.0
2025-07-03 11:42:32.089,79278.11,79772.66,77076.96,78519.21,1939473.0
2025-07-03 11:57:32.089,78066.86,80366.67,76986.95,76986.95,1275834.0
2025-07-03 12:12:32.089,75619.86,77060.56,74755.53,75616.63,1296382.0
2025-07-03 12:27:32.089,74846.69,76221.41,74798.24,75820.36,1985372.0
2025-07-03 12:42:32.089,76734.87,78432.21,75240.48,76140.82,506169.0
2025-07-03 12:57:32.089,77361.49,77689.6,77194.06,77646.52,1678425.0
2025-07-03 13:12:32.089,76916.76,77324.44,75758.87,75782.62,1439228.0
2025-07-03 13:27:32.089,74323.64,75116.74,73967.48,73967.48,1541904.0
2025-07-03 13:42:32.089,74466.81,75778.96,73455.08,74966.08,564994.0
2025-07-03 13:57:32.089,76114.24,76204.67,74258.39,76154.82,1222113.0
2025-07-03 14:12:32.089,75013.85,76641.39,73937.39,74604.55,1592152.0
2025-07-03 14:27:32.089,76042.89,77853.48,75552.99,76988.26,1939265.0
2025-07-03 14:42:32.089,75898.62,76597.01,75739.08,76051.1,1517619.0
2025-07-03 14:57:32.089,76023.41,78275.22,75063.18,76864.87,823810.0
2025-07-03 15:12:32.089,75605.1,77339.2,74870.96,74870.96,913558.0
2025-07-03 15:27:32.089,75180.74,77205.85,73029.93,74128.96,1408731.0
2025-07-03 15:42:32.089,74709.19,75145.15,74002.09,74502.72,1468068.0
2025-07-03 15:57:32.089,74882.67,76236.32,73913.6,75800.39,1895900.0
2025-07-03 16:12:32.089,74978.0,75652.68,73300.38,75652.68,1292362.0
2025-07-03 16:27:32.089,75422.52,77099.38,73383.64,74587.65,1984373.0
2025-07-03 16:42:32.089,74724.88,75695.79,73496.15,75695.79,1791072.0
2025-07-03 16:57:32.089,74707.53,75267.73,73839.7,75267.73,995510.0
2025-07-03 17:12:32.089,73943.78,74195.68,73382.69,73569.95,1613157.0
2025-07-03 17:27:32.089,73405.74,74461.57,72531.78,74208.03,1104981.0
2025-07-03 17:42:32.089,73536.07,74313.73,71545.9,73702.44,1101113.0
2025-07-03 17:57:32.089,73057.02,74303.1,70980.68,71858.04,1758874.0
2025-07-03 18:12:32.089,71471.51,73567.13,70775.85,72319.8,1256699.0
2025-07-03 18:27:32.089,72049.16,73504.19,70962.96,73205.91,856677.0
2025-07-03 18:42:32.089,73608.68,74920.21,72814.37,73582.45,1755500.0
2025-07-03 18:57:32.089,72945.77,74005.66,71935.87,74005.66,1508184.0
2025-07-03 19:12:32.089,75075.0,77060.93,74966.23,76295.53,1416712.0
2025-07-03 19:27:32.089,76338.04,78564.68,74954.97,75889.62,563425.0
2025-07-03 19:42:32.089,76931.94,78995.95,75091.92,76018.39,896275.0
2025-07-03 19:57:32.089,77510.99,77928.71,76288.36,76464.21,1418746.0
2025-07-03 20:12:32.089,77159.77,77609.54,77093.09,77492.23,513983.0
2025-07-03 20:27:32.089,76581.53,77146.73,76117.82,77146.73,595798.0
2025-07-03 20:42:32.089,77246.12,79364.41,77187.88,77569.59,797410.0
2025-07-03 20:57:32.089,76199.53,76803.44,74014.26,76553.98,975087.0
2025-07-03 21:12:32.089,76108.89,77519.69,75127.38,77519.69,1314355.0
2025-07-03 21:27:32.089,76631.27,78283.11,74930.59,75110.97,1863047.0
2025-07-03 21:42:32.089,73621.14,74198.14,72490.92,72620.16,844525.0
2025-07-03 21:57:32.089,72436.62,73327.0,71710.52,71710.52,1307040.0
2025-07-03 22:12:32.089,71397.55,72382.19,69528.96,71788.3,742295.0
2025-07-03 22:27:32.089,73154.55,74296.09,72726.7,73219.21,928468.0
2025-07-03 22:42:32.089,73448.57,74798.73,71765.42,73756.53,1206398.0
2025-07-03 22:57:32.089,74542.79,75728.82,74190.1,75356.13,761198.0
2025-07-03 23:12:32.089,76820.2,78837.34,74851.34,76628.7,1115955.0
2025-07-03 23:27:32.089,75216.89,75686.95,72988.77,75528.01,1584208.0
2025-07-03 23:42:32.089,76969.69,78294.43,75333.03,78294.43,1099080.0
2025-07-03 23:57:32.089,78447.58,79035.23,77902.62,79035.23,748634.0
2025-07-04 00:12:32.089,80372.66,82522.62,78304.71,80379.81,815550.0
2025-07-04 00:27:32.089,81439.61,82839.38,81336.25,82343.79,1558321.0
2025-07-04 00:42:32.089,81088.27,83301.15,79622.44,79622.44,1848311.0
2025-07-04 00:57:32.089,79172.58,80434.2,78911.6,80434.2,1011622.0
2025-07-04 01:12:32.089,80937.4,81686.14,79155.58,81686.14,1936658.0
2025-07-04 01:27:32.089,80256.25,82080.02,79873.95,80741.12,730299.0
2025-07-04 01:42:32.089,81641.85,81740.63,80745.48,81593.68,1282606.0
2025-07-04 01:57:32.089,80303.84,81793.34,78462.29,78720.98,1383119.0
2025-07-04 02:12:32.089,78093.9,79239.42,76622.84,76622.84,1742930.0
2025-07-04 02:27:32.089,75888.02,77632.09,74823.36,77028.43,1649261.0
2025-07-04 02:42:32.089,75786.07,77269.78,73555.41,77269.78,1636004.0
2025-07-04 02:57:32.089,77549.03,78911.16,75797.91,78513.69,881894.0
2025-07-04 03:12:32.089,77157.38,78405.19,75914.35,76158.89,722008.0
2025-07-04 03:27:32.089,76163.66,78271.05,74993.75,76874.79,1428552.0
2025-07-04 03:42:32.089,77921.26,78682.9,77125.23,77146.49,1526283.0
2025-07-04 03:57:32.089,77470.41,78934.2,76248.75,76248.75,1395148.0
2025-07-04 04:12:32.089,75222.82,76887.25,73987.85,75849.32,1650775.0
2025-07-04 04:27:32.089,76222.15,78258.21,73986.35,75567.91,1066504.0
2025-07-04 04:42:32.089,75436.06,76948.41,73880.48,76786.67,602583.0
2025-07-04 04:57:32.089,75511.58,76250.95,73840.12,76250.95,550052.0
2025-07-04 05:12:32.089,76824.46,76924.59,75122.63,76503.78,1960655.0
2025-07-04 05:27:32.089,77938.05,79094.2,77603.23,78178.93,836358.0
2025-07-04 05:42:32.089,77019.52,78421.54,75628.71,76912.27,1887355.0
2025-07-04 05:57:32.089,75467.97,75905.33,74481.64,75649.67,580103.0
2025-07-04 06:12:32.089,74817.17,75653.97,72941.29,74180.7,1070770.0
2025-07-04 06:27:32.089,73162.04,73407.9,71909.04,73194.12,649350.0
2025-07-04 06:42:32.089,72672.24,73609.25,70794.58,72674.11,1540005.0
2025-07-04 06:57:32.089,71417.72,72312.49,70991.19,70991.19,1614455.0
2025-07-04 07:12:32.089,71002.04,72649.01,70064.96,72192.41,1316357.0
2025-07-04 07:27:32.089,71064.02,71769.76,70022.27,71769.76,1256296.0
2025-07-04 07:42:32.089,71288.33,72583.39,70001.54,70220.28,588252.0
2025-07-04 07:57:32.089,70646.82,71375.37,69979.15,70882.93,1834542.0
2025-07-04 08:12:32.089,70242.41,71032.71,68783.89,70966.86,1525948.0
2025-07-04 08:27:32.089,70704.21,72807.62,69611.08,70899.29,1071790.0
2025-07-04 08:42:32.089,70223.97,70936.29,68238.92,70934.8,937058.0
2025-07-04 08:57:32.089,71152.3,72676.78,70753.59,71248.61,1788702.0
2025-07-04 09:12:32.089,70131.22,70791.72,68378.14,70791.72,562100.0
2025-07-04 09:27:32.089,71950.05,72090.83,70287.24,71997.4,1059569.0
2025-07-04 09:42:32.089,71497.04,73497.62,69507.64,71627.68,1837622.0
2025-07-04 09:57:32.089,72093.58,72937.87,70032.26,72464.04,862092.0
2025-07-04 10:12:32.089,72770.27,74801.9,71146.03,71623.55,1007325.0
2025-07-04 10:27:32.089,71082.04,72579.28,70579.53,72112.7,1302789.0
2025-07-04 10:42:32.089,70990.88,71849.42,70029.79,70082.63,1989195.0
2025-07-04 10:57:32.089,70235.34,71450.19,68879.74,69048.57,1224646.0
2025-07-04 11:12:32.089,68870.27,69820.27,67273.35,69820.27,915133.0
2025-07-04 11:27:32.089,68892.74,70210.49,67734.81,67734.81,852825.0
2025-07-04 11:42:32.089,68146.46,70044.19,67132.23,67132.23,933976.0
2025-07-04 11:57:32.089,66399.85,68334.4,66094.59,67574.39,1756412.0
2025-07-04 12:12:32.089,66890.64,67814.8,65321.65,67814.8,930056.0
2025-07-04 12:27:32.089,68378.15,70424.88,67206.55,68694.66,1344007.0
2025-07-04 12:42:32.089,67432.96,67480.73,66554.82,67373.27,1496107.0
2025-07-04 12:57:32.089,68543.56,69003.41,67676.62,69003.41,1611061.0
2025-07-04 13:12:32.089,69986.21,72063.88,69832.92,70115.46,619501.0
2025-07-04 13:27:32.089,71192.89,71626.25,69798.29,69798.29,1679159.0
2025-07-04 13:42:32.089,69456.38,70637.1,68199.79,70637.1,1282241.0
2025-07-04 13:57:32.089,69849.9,70548.89,69145.22,69145.22,1728090.0
2025-07-04 14:12:32.089,69716.82,71611.88,68841.76,70358.75,1593386.0
2025-07-04 14:27:32.089,70384.8,71184.81,69649.97,69649.97,992496.0
2025-07-04 14:42:32.089,68835.56,69257.07,67736.13,67736.13,1094848.0
2025-07-04 14:57:32.089,67491.59,67615.77,66169.71,66169.71,1614118.0
2025-07-04 15:12:32.089,64971.72,65163.7,64004.28,64004.28,669644.0
2025-07-04 15:27:32.089,64432.36,66278.52,63813.06,65675.76,766856.0
2025-07-04 15:42:32.089,66177.11,68151.54,64824.63,65102.3,1932265.0
2025-07-04 15:57:32.089,64255.85,66182.7,64033.92,64033.92,1733314.0
2025-07-04 16:12:32.089,64545.68,66220.73,63580.65,65783.53,866863.0
2025-07-04 16:27:32.089,65452.14,65911.68,63908.13,65911.68,1471782.0
2025-07-04 16:42:32.089,66515.3,66823.5,64712.02,66505.83,1132428.0
2025-07-04 16:57:32.089,67153.56,67762.15,67101.48,67160.38,805166.0
2025-07-04 17:12:32.089,67380.59,67566.55,67157.34,67566.55,1665190.0
2025-07-04 17:27:32.089,66310.08,67976.74,64946.09,67197.51,1433186.0
2025-07-04 17:42:32.089,66163.98,67968.43,65718.84,66522.3,908472.0
2025-07-04 17:57:32.089,66588.68,67057.92,64775.47,66104.93,1156608.0
2025-07-04 18:12:32.089,64944.05,65606.45,63280.96,65606.45,1953968.0
2025-07-04 18:27:32.089,65458.96,67115.34,63717.16,64967.8,1505757.0
2025-07-04 18:42:32.089,66004.34,67589.4,64549.46,65721.08,1884434.0
2025-07-04 18:57:32.089,65546.79,66451.87,65222.63,65645.56,1183446.0
2025-07-04 19:12:32.089,64513.44,65929.86,63285.45,63714.32,1801518.0
2025-07-04 19:27:32.089,64144.8,65302.0,62326.31,65302.0,868138.0
2025-07-04 19:42:32.089,65758.76,66048.94,64494.25,66048.94,1799335.0
2025-07-04 19:57:32.089,66145.63,67288.7,65791.29,66225.67,1288101.0
2025-07-04 20:12:32.089,65635.31,67510.53,64478.71,65718.85,945500.0
2025-07-04 20:27:32.089,66255.51,67409.29,65139.75,66237.49,578123.0
2025-07-04 20:42:32.089,65889.28,65949.83,64980.87,64980.87,547005.0
2025-07-04 20:57:32.089,65577.66,66194.2,64946.52,64946.52,1799693.0
2025-07-04 21:12:32.089,64853.84,66671.03,62992.63,64768.94,1762007.0
2025-07-04 21:27:32.089,65776.01,66003.74,64553.47,64726.82,1611657.0
2025-07-04 21:42:32.089,64029.07,64801.63,63663.67,63663.67,886724.0
2025-07-04 21:57:32.089,63933.03,64558.6,63435.0,63585.56,810245.0
2025-07-04 22:12:32.089,62940.88,63716.38,62020.99,62020.99,1477689.0
2025-07-04 22:27:32.089,63186.61,63589.12,62441.02,62441.02,1633898.0
2025-07-04 22:42:32.089,63069.78,63896.64,61296.12,63896.64,1739277.0
2025-07-04 22:57:32.089,62664.42,64316.6,61668.77,62883.71,1608130.0
2025-07-04 23:12:32.089,63022.8,64473.3,62837.45,62966.72,1584004.0
2025-07-04 23:27:32.089,63233.8,64580.42,61658.05,63691.5,1089864.0
2025-07-04 23:42:32.089,63335.04,63849.34,61659.04,62134.85,1021432.0
2025-07-04 23:57:32.089,62422.86,63552.1,61672.0,63006.13,819438.0
2025-07-05 00:12:32.089,62203.63,64062.07,61395.96,61395.96,1912045.0
2025-07-05 00:27:32.089,62019.66,62740.29,60711.42,61313.05,1019144.0
2025-07-05 00:42:32.089,61837.75,62906.92,60769.83,60769.83,1789166.0
2025-07-05 00:57:32.089,59899.83,60088.27,59149.28,59768.66,726739.0
2025-07-05 01:12:32.089,60921.11,62038.39,59413.21,60484.78,568204.0
2025-07-05 01:27:32.089,60042.09,61747.45,59051.26,59051.26,992642.0
2025-07-05 01:42:32.089,59391.97,60063.38,57878.3,58323.56,753126.0
2025-07-05 01:57:32.089,57765.64,58363.92,57062.92,57062.92,1321521.0
2025-07-05 02:12:32.089,57645.5,59304.15,56584.48,57978.93,603181.0
2025-07-05 02:27:32.089,58657.36,60234.17,58392.88,58777.15,1466060.0
2025-07-05 02:42:32.089,59338.02,59613.57,57760.62,58897.84,1071989.0
2025-07-05 02:57:32.089,59935.53,60111.81,58469.47,59802.68,765758.0
2025-07-05 03:12:32.089,58653.4,60355.85,57950.6,59140.28,854830.0
2025-07-05 03:27:32.089,58315.63,59704.64,56974.96,59360.7,1758161.0
2025-07-05 03:42:32.089,60186.93,61356.74,58709.71,61356.74,1373109.0
2025-07-05 03:57:32.089,60871.28,62181.6,60176.98,60984.19,1650310.0
2025-07-05 04:12:32.089,60924.54,61598.77,59958.2,59958.2,1121177.0
2025-07-05 04:27:32.089,60532.85,60553.68,59259.55,59640.0,1102998.0
2025-07-05 04:42:32.089,60163.72,60987.57,59990.94,60884.08,871496.0
2025-07-05 04:57:32.089,60734.93,61797.32,59759.18,59759.18,945221.0
2025-07-05 05:12:32.089,59728.84,60590.33,58338.56,58979.57,1510141.0
2025-07-05 05:27:32.089,60051.74,61388.91,59616.53,59616.53,521860.0
2025-07-05 05:42:32.089,60703.3,61730.95,59967.47,60051.16,867216.0
2025-07-05 05:57:32.089,60181.44,60928.4,58580.44,59930.83,943666.0
2025-07-05 06:12:32.089,61104.32,62424.09,60528.78,61406.16,779374.0
2025-07-05 06:27:32.089,61433.01,62057.41,59632.86,60979.9,617058.0
2025-07-05 06:42:32.089,60225.91,61181.28,59304.07,60811.32,685301.0
2025-07-05 06:57:32.089,60100.62,60552.22,58939.21,60481.71,664252.0
2025-07-05 07:12:32.089,59910.51,61283.98,59548.27,59908.15,1902776.0
2025-07-05 07:27:32.089,59072.73,59914.6,57727.93,58299.45,944032.0
2025-07-05 07:42:32.089,59218.43,59940.48,58069.47,59940.48,1183039.0
2025-07-05 07:57:32.089,60861.48,62397.81,59210.63,60458.12,1983874.0
2025-07-05 08:12:32.089,60184.01,60354.1,59096.16,59096.16,1862305.0
2025-07-05 08:27:32.089,60064.26,61164.3,59472.34,59472.34,1161420.0
2025-07-05 08:42:32.089,58316.23,58341.8,57247.51,57456.1,1570978.0
2025-07-05 08:57:32.089,57270.8,57667.09,55810.1,56315.52,745678.0
2025-07-05 09:12:32.089,55628.64,57125.84,54551.84,54667.96,1060977.0
2025-07-05 09:27:32.089,53847.04,54389.35,52855.58,53158.49,1969311.0
2025-07-05 09:42:32.089,53587.01,54526.63,52967.13,54145.51,1216938.0
2025-07-05 09:57:32.089,54691.92,55955.0,54600.99,55523.14,1437216.0
2025-07-05 10:12:32.089,56482.3,58169.81,55572.15,56186.02,1131548.0
2025-07-05 10:27:32.089,57114.5,58145.6,55613.19,58145.6,1231253.0
2025-07-05 10:42:32.089,57760.97,58576.2,57347.07,58563.37,964820.0
2025-07-05 10:57:32.089,59531.11,61295.16,58815.73,59289.81,1360854.0
2025-07-05 11:12:32.089,59341.85,61086.43,58297.04,60471.99,924144.0
2025-07-05 11:27:32.089,59468.11,60857.44,58945.55,59112.16,817249.0
2025-07-05 11:42:32.089,59285.13,60782.77,58897.94,59450.28,1878555.0
2025-07-05 11:57:32.089,59046.88,59184.25,57743.73,59019.18,1035107.0
2025-07-05 12:12:32.089,58887.64,59884.92,57608.6,59884.92,1739867.0
2025-07-05 12:27:32.089,59471.46,60707.93,58284.24,59658.33,1200320.0
2025-07-05 12:42:32.089,60353.57,60713.66,60098.28,60713.66,760516.0
2025-07-05 12:57:32.089,61692.76,62580.06,61400.68,62580.06,1347177.0
2025-07-05 13:12:32.089,63660.34,65344.52,63389.49,64033.75,915371.0
2025-07-05 13:27:32.089,63485.09,65073.82,61959.13,64599.48,1963316.0
2025-07-05 13:42:32.089,63816.99,65237.09,62985.54,64141.5,524353.0
2025-07-05 13:57:32.089,64904.53,65741.61,64884.08,65741.61,1076435.0
2025-07-05 14:12:32.089,66421.98,67230.18,66179.59,67230.18,1266754.0
2025-07-05 14:27:32.089,67325.22,68375.13,65474.33,66157.89,1830649.0
2025-07-05 14:42:32.089,64912.45,65547.87,64671.99,65452.45,1214578.0
2025-07-05 14:57:32.089,64751.88,64867.57,64306.72,64306.72,1858286.0
2025-07-05 15:12:32.089,65091.63,65160.07,64021.11,64021.11,1364569.0
2025-07-05 15:27:32.089,63657.09,64472.91,62147.38,64472.91,1831391.0
2025-07-05 15:42:32.089,64293.36,65087.36,63368.14,63368.14,1480549.0
2025-07-05 15:57:32.089,64131.01,65898.6,63030.75,63253.16,1044105.0
2025-07-05 16:12:32.089,64422.9,64814.15,62762.51,64741.13,727727.0
2025-07-05 16:27:32.089,65909.67,66362.61,64337.79,65391.07,1335520.0
2025-07-05 16:42:32.089,66467.92,67762.61,65348.84,65755.52,850588.0
2025-07-05 16:57:32.089,65010.13,66314.21,64661.2,65207.19,1186403.0
2025-07-05 17:12:32.089,65297.01,65740.58,63582.96,65279.34,1135263.0
2025-07-05 17:27:32.089,65483.98,66757.93,63866.61,66757.93,1162555.0
2025-07-05 17:42:32.089,67805.09,68934.93,67547.63,68934.93,1254716.0
2025-07-05 17:57:32.089,70073.94,71598.07,69022.92,70151.34,678116.0
2025-07-05 18:12:32.089,71358.22,71935.72,69492.43,70233.35,1083784.0
2025-07-05 18:27:32.089,71268.04,71972.4,70710.52,70710.52,575238.0
2025-07-05 18:42:32.089,69713.28,71171.42,68494.19,70571.36,1406219.0
2025-07-05 18:57:32.089,69465.21,70735.66,68874.09,70176.36,1439898.0
2025-07-05 19:12:32.089,70685.06,71186.14,69213.0,69703.24,1375461.0
2025-07-05 19:27:32.089,69048.59,71104.45,68588.17,68732.76,1748922.0
2025-07-05 19:42:32.089,69131.23,69368.59,68116.67,68116.67,1816237.0
2025-07-05 19:57:32.089,69261.76,69791.12,68599.15,68599.15,1789619.0
2025-07-05 20:12:32.089,68416.96,69320.99,66967.09,69320.99,1723322.0
2025-07-05 20:27:32.089,69057.65,70544.25,68294.45,69627.58,1957135.0
2025-07-05 20:42:32.089,70429.03,71722.08,70279.66,71722.08,1720203.0
2025-07-05 20:57:32.089,71108.39,72457.28,69169.64,72457.28,1584104.0
2025-07-05 21:12:32.089,72186.01,74113.4,71356.03,71552.17,1447915.0
2025-07-05 21:27:32.089,71836.86,72438.79,70121.08,72438.79,1430691.0
2025-07-05 21:42:32.089,72818.56,73646.33,71464.46,72685.21,1041489.0
2025-07-05 21:57:32.089,72900.3,74042.71,71976.42,73482.41,1525604.0
2025-07-05 22:12:32.089,72285.75,73936.91,71150.14,73018.98,1027331.0
2025-07-05 22:27:32.089,72014.67,73722.64,71616.63,72585.1,1729150.0
2025-07-05 22:42:32.089,73954.41,74680.71,73044.17,73078.05,1600138.0
2025-07-05 22:57:32.089,72865.28,73996.05,72082.17,72380.54,776529.0
2025-07-05 23:12:32.089,73226.9,73888.52,72529.95,72839.27,1391913.0
2025-07-05 23:27:32.089,72292.8,73525.3,71272.22,72080.32,533915.0
2025-07-05 23:42:32.089,72568.3,73198.42,71790.27,71790.27,1641746.0
2025-07-05 23:57:32.089,71985.97,73350.48,71590.06,73350.48,1421614.0
2025-07-06 00:12:32.089,72687.14,73610.86,70901.32,72591.27,839937.0
2025-07-06 00:27:32.089,72727.12,73457.69,71806.95,73457.69,1433630.0
2025-07-06 00:42:32.089,74692.72,75428.16,73098.83,73595.89,921629.0
2025-07-06 00:57:32.089,72762.91,74448.77,71068.68,74064.65,1079460.0
2025-07-06 01:12:32.089,73912.99,75524.82,72731.0,73423.45,1464902.0
2025-07-06 01:27:32.089,72013.1,73933.17,70419.63,72957.55,505520.0
2025-07-06 01:42:32.089,74308.93,75486.51,74299.0,75486.51,618785.0
2025-07-06 01:57:32.089,76197.09,77207.24,74675.58,77207.24,1155779.0
2025-07-06 02:12:32.089,76499.52,76936.11,75387.48,76936.11,723357.0
2025-07-06 02:27:32.089,77324.29,78713.75,76001.23,77781.57,1922990.0
2025-07-06 02:42:32.089,78503.45,80386.19,76976.7,79929.97,1058248.0
2025-07-06 02:57:32.089,80574.8,81958.72,80541.09,81958.72,1918371.0
2025-07-06 03:12:32.089,82763.11,84108.04,81424.34,81424.34,585795.0
2025-07-06 03:27:32.089,80730.41,82067.41,79983.93,80331.77,1704116.0
2025-07-06 03:42:32.089,79774.16,81467.43,79453.43,80272.45,1470958.0
2025-07-06 03:57:32.089,80858.28,81303.67,78521.6,79514.54,931747.0
2025-07-06 04:12:32.089,79212.37,81203.96,77452.92,79128.37,524486.0
2025-07-06 04:27:32.089,80228.47,80940.07,78583.19,79993.73,1895135.0
2025-07-06 04:42:32.089,78715.52,80740.44,77697.58,79262.92,962280.0
2025-07-06 04:57:32.089,79278.52,80734.17,77626.61,79532.22,1214536.0
2025-07-06 05:12:32.089,78566.3,79018.84,78283.98,79018.84,1933162.0
2025-07-06 05:27:32.089,79398.15,80918.29,77998.22,78945.98,511616.0
2025-07-06 05:42:32.089,80026.28,80892.77,79714.52,80069.41,1772388.0
2025-07-06 05:57:32.089,80337.69,81020.01,78279.17,80752.96,1261881.0
2025-07-06 06:12:32.089,81044.83,81362.57,80941.08,80941.08,1153017.0
2025-07-06 06:27:32.089,79337.47,80784.52,78748.85,78748.85,540598.0
2025-07-06 06:42:32.089,79875.95,81261.95,77918.53,78338.34,1455738.0
2025-07-06 06:57:32.089,77210.59,78753.14,76175.8,76732.98,1826677.0
2025-07-06 07:12:32.089,77695.09,77982.03,76923.29,76923.29,1676513.0
2025-07-06 07:27:32.089,78045.04,78588.17,76493.23,76493.23,713219.0
2025-07-06 07:42:32.089,77668.49,78713.93,76863.2,78072.11,1032577.0
2025-07-06 07:57:32.089,77061.54,79067.93,75248.09,77766.23,1978888.0
2025-07-06 08:12:32.089,78707.83,80863.53,78618.86,79039.01,762365.0
2025-07-06 08:27:32.089,77610.3,79595.54,75534.79,78153.14,1926247.0
2025-07-06 08:42:32.089,77885.02,79909.55,75714.41,78728.51,872845.0
2025-07-06 08:57:32.089,77794.74,78542.37,76524.74,76524.74,840807.0
2025-07-06 09:12:32.089,76091.68,77709.54,74335.1,76691.83,1075888.0
2025-07-06 09:27:32.089,77827.03,78035.95,76920.08,76920.08,957892.0
2025-07-06 09:42:32.089,76938.7,77335.0,75556.98,75556.98,672762.0
2025-07-06 09:57:32.089,74974.09,76725.14,74953.57,76294.87,820670.0
2025-07-06 10:12:32.089,77512.28,78099.6,75764.04,75980.68,639581.0
2025-07-06 10:27:32.089,75014.1,75617.11,73473.35,75617.11,1513006.0
2025-07-06 10:42:32.089,76862.48,78462.16,75991.71,76912.02,872604.0
2025-07-06 10:57:32.089,77265.42,78086.03,75931.39,75931.39,587251.0
2025-07-06 11:12:32.089,74736.39,76528.71,72793.17,73328.22,1151916.0
2025-07-06 11:27:32.089,73677.69,75854.67,73113.09,74701.5,1012720.0
2025-07-06 11:42:32.089,74686.32,75463.99,73257.63,75397.66,1605266.0
2025-07-06 11:57:32.089,75953.22,77312.48,75321.44,76079.69,1761111.0
2025-07-06 12:12:32.089,76604.67,78110.43,74395.35,77943.56,1291068.0
2025-07-06 12:27:32.089,78320.84,78332.96,77326.85,77326.85,875723.0
2025-07-06 12:42:32.089,76975.67,78285.62,76303.19,78285.62,1544654.0
2025-07-06 12:57:32.089,78292.23,78974.18,76191.19,77516.64,1270378.0
2025-07-06 13:12:32.089,77778.85,78842.44,75679.99,77067.2,571646.0
2025-07-06 13:27:32.089,76101.75,78354.87,74755.1,76686.29,1977635.0
2025-07-06 13:42:32.089,75987.03,76530.44,74731.13,74731.13,1955233.0
2025-07-06 13:57:32.089,76152.15,77094.39,75041.93,75924.16,505082.0
2025-07-06 14:12:32.089,75143.96,76043.78,73187.34,74293.58,972875.0
2025-07-06 14:27:32.089,74489.02,74780.71,73317.3,73317.3,1909197.0
2025-07-06 14:42:32.089,74353.27,75161.28,72994.66,72994.66,1613092.0
2025-07-06 14:57:32.089,73086.7,74882.01,71931.12,73919.38,878722.0
2025-07-06 15:12:32.089,74720.17,75392.76,73606.67,75392.76,758061.0
2025-07-06 15:27:32.089,74169.13,75226.77,72607.92,73046.49,780569.0
2025-07-06 15:42:32.089,72813.0,74721.74,72532.62,72668.94,1932934.0
2025-07-06 15:57:32.089,72027.65,73822.02,70763.11,72241.78,1968602.0
2025-07-06 16:12:32.089,71187.87,72763.97,69333.52,69840.67,1157616.0
2025-07-06 16:27:32.089,70938.69,72552.92,69709.25,71467.39,572514.0
2025-07-06 16:42:32.089,70271.34,72237.23,69767.61,71369.24,1474656.0
2025-07-06 16:57:32.089,72723.29,74759.49,72208.94,73281.32,1803105.0
2025-07-06 17:12:32.089,72140.4,72452.65,71400.7,71400.7,1063346.0
2025-07-06 17:27:32.089,70976.36,72093.29,69227.83,70998.61,604273.0
2025-07-06 17:42:32.089,71555.15,73060.0,70287.65,71868.65,1569706.0
2025-07-06 17:57:32.089,71047.65,71322.71,70341.88,71120.46,1880289.0
2025-07-06 18:12:32.089,72155.01,74127.26,71763.76,73273.11,954673.0
2025-07-06 18:27:32.089,73780.49,74442.47,71732.39,74442.47,1440426.0
2025-07-06 18:42:32.089,73337.25,73831.94,73095.15,73429.11,571544.0
2025-07-06 18:57:32.089,73218.7,73811.82,71069.73,72236.49,1671239.0
2025-07-06 19:12:32.089,72596.23,73787.99,72041.38,72041.38,884989.0
2025-07-06 19:27:32.089,72260.47,73533.91,70178.11,72639.17,913977.0
2025-07-06 19:42:32.089,73493.57,74148.46,71863.15,73189.13,1469607.0
2025-07-06 19:57:32.089,73228.76,73741.83,72957.41,73332.12,550743.0
2025-07-06 20:12:32.089,72382.4,73748.62,72045.64,73748.62,1019271.0
2025-07-06 20:27:32.089,72287.08,73373.72,71675.97,72077.91,928689.0
2025-07-06 20:42:32.089,71543.59,73660.79,70275.9,71230.0,631690.0
2025-07-06 20:57:32.089,72114.12,73729.18,71651.35,72113.93,1904383.0
2025-07-06 21:12:32.089,71219.09,71302.29,69150.17,69850.66,973539.0
2025-07-06 21:27:32.089,70209.66,72238.68,68989.1,70704.17,1659936.0
2025-07-06 21:42:32.089,70527.0,71577.06,69039.5,69992.88,1008207.0
2025-07-06 21:57:32.089,68768.59,69893.64,67512.83,67758.59,689177.0
2025-07-06 22:12:32.089,68663.43,70215.66,68555.02,69811.65,1315820.0
2025-07-06 22:27:32.089,69529.09,70776.96,68414.82,70686.11,992090.0
2025-07-06 22:42:32.089,71515.12,71843.65,70498.18,71506.54,683344.0
2025-07-06 22:57:32.089,72656.4,74037.99,70916.04,74037.99,550303.0
2025-07-06 23:12:32.089,73981.83,74393.14,72342.05,73528.52,730757.0
2025-07-06 23:27:32.089,74070.77,75276.32,73905.34,75200.67,1525339.0
2025-07-06 23:42:32.089,76273.48,77626.62,74003.33,75946.24,1365130.0
2025-07-06 23:57:32.089,74500.21,74947.65,74129.13,74947.65,1540128.0
2025-07-07 00:12:32.089,75291.84,76998.48,74518.92,74875.19,1067122.0
2025-07-07 00:27:32.089,75419.59,76693.03,74696.32,76693.03,1876489.0
2025-07-07 00:42:32.089,75478.08,76449.01,74462.22,76068.32,1228653.0
2025-07-07 00:57:32.089,74811.42,76294.35,73300.54,76294.35,1758930.0
2025-07-07 01:12:32.089,77732.85,79922.98,77201.05,77201.05,1983890.0
2025-07-07 01:27:32.089,76062.27,76827.47,75146.77,75453.11,1975628.0
2025-07-07 01:42:32.089,75244.02,77475.24,73888.11,75661.38,1768514.0
2025-07-07 01:57:32.089,76735.82,78949.22,74749.55,77900.66,1331160.0
2025-07-07 02:12:32.089,79231.4,80809.56,79032.25,79529.48,554474.0
2025-07-07 02:27:32.089,78931.85,79887.49,78358.96,78542.72,1629637.0
2025-07-07 02:42:32.089,79436.88,80370.53,78994.15,78994.15,1240745.0
2025-07-07 02:57:32.089,78735.2,81045.96,78456.36,79906.07,673785.0
2025-07-07 03:12:32.089,80833.88,81330.34,79134.59,81330.34,1035007.0
2025-07-07 03:27:32.089,81207.19,81942.77,80426.28,81816.39,642621.0
2025-07-07 03:42:32.089,80225.81,82124.72,79169.14,81217.16,707711.0
2025-07-07 03:57:32.089,82217.16,83257.97,81197.18,83257.97,1822668.0
2025-07-07 04:12:32.089,81634.79,82411.03,80064.18,80408.63,1269509.0
2025-07-07 04:27:32.089,80015.62,82214.73,79100.57,79658.29,1617810.0
2025-07-07 04:42:32.089,79263.71,80395.07,79030.67,79683.13,718452.0
2025-07-07 04:57:32.089,79992.95,82036.55,78649.3,81371.38,1291978.0
2025-07-07 05:12:32.089,82214.7,82362.79,81646.75,81646.75,1397851.0
2025-07-07 05:27:32.089,82756.6,84300.56,81224.38,83571.32,1157561.0
2025-07-07 05:42:32.089,82184.51,83814.9,80216.77,82526.05,1003887.0
2025-07-07 05:57:32.089,81868.94,82749.0,80427.18,82220.23,935258.0
2025-07-07 06:12:32.089,82061.33,84405.94,80342.98,83581.24,1977229.0
2025-07-07 06:27:32.089,82156.23,83546.98,79753.09,83546.98,1838800.0
2025-07-07 06:42:32.089,85066.59,85975.98,84280.15,85554.75,993987.0
2025-07-07 06:57:32.089,86456.74,86863.68,85417.8,85417.8,1156809.0
2025-07-07 07:12:32.089,87015.88,88723.17,85641.02,86833.22,1733957.0
2025-07-07 07:27:32.089,88463.94,89854.42,85958.02,89854.42,1744365.0
2025-07-07 07:42:32.089,88934.85,91596.18,87425.65,90205.34,755722.0
2025-07-07 07:57:32.089,89052.79,89110.46,87144.99,88922.91,696812.0
2025-07-07 08:12:32.089,89637.31,92150.47,87933.25,88888.82,607365.0
2025-07-07 08:27:32.089,90180.87,90641.95,88682.17,88682.17,683277.0
2025-07-07 08:42:32.089,88009.94,88230.31,86748.61,86748.61,846953.0
2025-07-07 08:57:32.089,86985.77,88882.82,84429.93,85776.87,1727393.0
2025-07-07 09:12:32.089,85853.17,86005.71,84229.61,85557.35,952309.0
2025-07-07 09:27:32.089,84234.82,84389.56,81900.4,83085.57,1622591.0
2025-07-07 09:42:32.089,81611.36,82361.91,79872.71,82361.91,1280667.0
2025-07-07 09:57:32.089,82245.59,83301.41,80970.99,83301.41,1324603.0
2025-07-07 10:12:32.089,82706.77,83414.62,81597.45,83414.62,1034026.0
2025-07-07 10:27:32.089,83719.65,84763.92,82917.7,83844.97,1209149.0
2025-07-07 10:42:32.089,82395.83,84700.28,81463.95,81463.95,1900010.0
2025-07-07 10:57:32.089,82521.14,83703.83,80415.85,81651.59,612574.0
2025-07-07 11:12:32.089,80629.34,82867.39,79177.5,79177.5,1706584.0
2025-07-07 11:27:32.089,79379.72,81403.45,78379.44,80523.88,732843.0
2025-07-07 11:42:32.089,80449.38,81343.81,78427.14,81343.81,1082219.0
2025-07-07 11:57:32.089,82443.17,84204.48,80223.39,82249.75,1557468.0
2025-07-07 12:12:32.089,83125.33,84834.71,82225.46,82429.46,1177070.0
2025-07-07 12:27:32.089,82054.27,83592.55,79701.85,81851.23,1830701.0
2025-07-07 12:42:32.089,82405.68,84780.84,80522.78,81415.27,1796454.0
2025-07-07 12:57:32.089,80551.48,81814.55,80024.48,80533.24,1389657.0
2025-07-07 13:12:32.089,80200.12,81525.66,79460.63,79776.71,647900.0
2025-07-07 13:27:32.089,79533.77,79835.16,78061.8,78666.21,1581806.0
2025-07-07 13:42:32.089,78135.51,79714.35,76724.22,77431.8,1210640.0
2025-07-07 13:57:32.089,78709.43,80590.52,78292.83,80238.03,671370.0
2025-07-07 14:12:32.089,80131.9,81650.4,79952.13,81213.58,1400659.0
2025-07-07 14:27:32.089,81326.75,83033.75,80132.55,80681.27,1929502.0
2025-07-07 14:42:32.089,81301.32,83000.46,80385.83,82788.13,898427.0
2025-07-07 14:57:32.089,82573.1,83602.61,80463.07,83602.61,1259609.0
2025-07-07 15:12:32.089,83310.51,84577.49,80960.04,83066.32,1688168.0
2025-07-07 15:27:32.089,81917.08,82829.25,79735.46,80588.85,1327435.0
2025-07-07 15:42:32.089,80358.28,80848.32,78347.27,80848.32,1624360.0
2025-07-07 15:57:32.089,82306.01,84242.77,82202.09,83879.67,1653700.0
2025-07-07 16:12:32.089,84404.96,85248.7,83969.94,84578.27,1878642.0
2025-07-07 16:27:32.089,84991.21,86990.88,82671.95,86232.12,1110143.0
2025-07-07 16:42:32.089,87431.01,89183.27,86091.53,86737.54,1499209.0
2025-07-07 16:57:32.089,88191.47,89651.33,86747.88,86747.88,757788.0
2025-07-07 17:12:32.089,86459.85,88444.59,84734.92,85996.29,1136991.0
2025-07-07 17:27:32.089,87373.17,88841.19,85589.29,88841.19,1557363.0
2025-07-07 17:42:32.089,87901.64,89975.36,87610.2,87701.85,1689068.0
2025-07-07 17:57:32.089,87389.33,89117.56,86343.86,89117.56,1348541.0
2025-07-07 18:12:32.089,90252.79,91717.25,90177.66,90758.32,1004363.0
2025-07-07 18:27:32.089,90653.42,92690.8,89079.24,89320.82,1105183.0
2025-07-07 18:42:32.089,89030.57,90873.11,86620.27,88914.04,1873586.0
2025-07-07 18:57:32.089,90456.8,90735.79,89490.77,89490.77,830830.0
2025-07-07 19:12:32.089,88525.45,88998.08,87492.87,88456.6,1428146.0
2025-07-07 19:27:32.089,88929.1,91087.44,87781.84,88884.89,966702.0
2025-07-07 19:42:32.089,88145.54,89729.63,86375.23,89729.63,1533842.0
2025-07-07 19:57:32.089,90830.77,92141.87,89580.46,92141.87,810836.0
2025-07-07 20:12:32.089,92396.13,92892.73,90387.16,91073.99,1486751.0
2025-07-07 20:27:32.089,91744.47,91845.68,90671.65,90671.65,540381.0
2025-07-07 20:42:32.089,89332.15,90333.08,89294.33,90333.08,1657757.0
2025-07-07 20:57:32.089,89297.19,89572.89,87750.28,87750.28,1033498.0
2025-07-07 21:12:32.089,89492.94,91067.41,87010.97,90808.02,1475030.0
2025-07-07 21:27:32.089,89242.98,89970.77,87471.44,88779.22,793758.0
2025-07-07 21:42:32.089,90098.26,90538.11,88984.5,88984.5,1251868.0
2025-07-07 21:57:32.089,88401.72,89338.01,86897.18,86897.18,571733.0
2025-07-07 22:12:32.089,87341.99,89594.16,84977.38,88736.7,1797629.0
2025-07-07 22:27:32.089,89313.94,90097.55,88165.03,88977.54,1278287.0
2025-07-07 22:42:32.089,89343.35,91793.44,88253.32,88253.32,505028.0
2025-07-07 22:57:32.089,88848.95,89760.26,87638.8,88492.81,1102820.0
2025-07-07 23:12:32.089,88597.92,89460.73,86582.26,87014.87,823630.0
2025-07-07 23:27:32.089,86676.75,87926.64,85493.45,86072.21,569799.0
2025-07-07 23:42:32.089,86427.87,88495.45,86168.18,86199.26,1887333.0
2025-07-07 23:57:32.089,86176.8,88119.77,84738.44,84738.44,796111.0
2025-07-08 00:12:32.089,84039.04,84500.2,82720.33,83680.0,1265499.0
2025-07-08 00:27:32.089,82120.49,83988.83,80567.66,80567.66,1428822.0
2025-07-08 00:42:32.089,81193.48,81873.99,79608.36,81873.99,1428560.0
2025-07-08 00:57:32.089,82337.63,83857.68,81591.17,81706.5,1020504.0
2025-07-08 01:12:32.089,81608.61,83531.17,79306.69,80551.18,1989599.0
2025-07-08 01:27:32.089,80591.72,81204.33,79240.16,81204.33,1154635.0
2025-07-08 01:42:32.089,82126.7,82194.69,79742.0,81433.2,1574810.0
2025-07-08 01:57:32.089,81998.01,82206.48,81264.58,81565.33,1161995.0
2025-07-08 02:12:32.089,80630.58,82803.97,79187.12,81663.33,530697.0
2025-07-08 02:27:32.089,83150.99,84251.46,81912.23,82645.74,691406.0
2025-07-08 02:42:32.089,82525.04,84971.36,80283.88,81093.36,650526.0
2025-07-08 02:57:32.089,80418.41,82253.47,78056.39,78999.86,912325.0
2025-07-08 03:12:32.089,79555.61,80533.41,77686.45,78674.1,875740.0
2025-07-08 03:27:32.089,79597.34,81021.5,77965.35,79203.2,1038865.0
2025-07-08 03:42:32.089,77924.92,78506.97,77098.81,78451.54,1364861.0
2025-07-08 03:57:32.089,79126.88,79671.51,77376.91,79247.72,1700436.0
2025-07-08 04:12:32.089,80247.83,81589.25,78684.21,81589.25,1135513.0
2025-07-08 04:27:32.089,83178.64,85316.86,81469.05,84397.43,1079077.0
2025-07-08 04:42:32.089,82891.7,85303.42,80500.94,84471.47,1654036.0
2025-07-08 04:57:32.089,85946.77,87189.45,85808.29,86881.27,1295112.0
2025-07-08 05:12:32.089,86951.65,87625.46,85423.69,87625.46,1028275.0
2025-07-08 05:27:32.089,88150.42,89764.21,86360.97,89674.64,1138811.0
2025-07-08 05:42:32.089,88116.59,89723.65,87202.96,89723.65,1772496.0
2025-07-08 05:57:32.089,89943.83,92487.5,88343.22,88343.22,547626.0
2025-07-08 06:12:32.089,89770.57,91315.79,88980.93,90631.73,1792727.0
2025-07-08 06:27:32.089,90076.21,92352.49,88903.11,89874.18,1855151.0
2025-07-08 06:42:32.089,89622.86,91579.8,88435.09,91049.94,1453675.0
2025-07-08 06:57:32.089,91077.15,93330.8,89279.97,92896.82,722730.0
2025-07-08 07:12:32.089,92768.86,94293.45,91205.67,91205.67,1755921.0
2025-07-08 07:27:32.089,90313.44,91117.3,88433.58,89277.22,1182953.0
2025-07-08 07:42:32.089,90733.46,91781.01,89819.51,89819.51,1207253.0
2025-07-08 07:57:32.089,91174.59,92519.53,89981.76,89981.76,1750100.0
2025-07-08 08:12:32.089,89626.22,91253.67,88617.09,91253.67,1246112.0
2025-07-08 08:27:32.089,91258.12,92804.49,89827.17,89827.17,1829978.0
2025-07-08 08:42:32.089,89690.12,90386.77,87595.57,90123.94,720657.0
2025-07-08 08:57:32.089,88653.52,88945.8,86584.38,87699.77,1912254.0
2025-07-08 09:12:32.089,88976.25,90312.68,87109.08,87655.92,970537.0
2025-07-08 09:27:32.089,87240.35,88381.3,85175.46,88249.65,515280.0
2025-07-08 09:42:32.089,86511.79,87900.88,85335.87,86506.06,1280173.0
2025-07-08 09:57:32.089,87652.49,90138.04,86753.14,87643.75,1101692.0
2025-07-08 10:12:32.089,86310.55,87550.74,84401.92,87550.74,574874.0
2025-07-08 10:27:32.089,87344.81,88715.1,86086.65,88155.1,1678346.0
2025-07-08 10:42:32.089,86546.76,87279.51,84133.27,85382.48,638117.0
2025-07-08 10:57:32.089,84628.21,85912.22,82170.5,85912.22,1664351.0
2025-07-08 11:12:32.089,86962.22,88222.45,84938.44,86099.48,1186901.0
2025-07-08 11:27:32.089,84777.1,85813.76,84548.71,85066.82,663380.0
2025-07-08 11:42:32.089,84453.86,85645.52,82988.47,85645.52,553166.0
2025-07-08 11:57:32.089,87279.27,88375.9,84712.44,88375.9,1169882.0
2025-07-08 12:12:32.089,90035.04,91763.65,89277.48,89277.48,1167365.0
2025-07-08 12:27:32.089,90699.24,92140.98,88980.35,88980.35,733596.0
2025-07-08 12:42:32.089,88830.77,89650.76,88030.63,88030.63,1207150.0
2025-07-08 12:57:32.089,88682.32,89585.98,86132.22,89585.98,1807183.0
2025-07-08 13:12:32.089,89990.63,92509.22,88889.8,91172.56,1369185.0
2025-07-08 13:27:32.089,90429.99,92222.23,90213.11,92222.23,1739893.0
2025-07-08 13:42:32.089,92879.72,95161.48,92075.93,93182.47,1806778.0
2025-07-08 13:57:32.089,94513.36,96535.63,94100.41,94667.97,967219.0
2025-07-08 14:12:32.089,96462.39,97789.97,95883.31,96648.85,605776.0
2025-07-08 14:27:32.089,95346.73,97117.43,94653.79,95544.09,1790168.0
2025-07-08 14:42:32.089,97072.42,99682.71,95684.96,95684.96,1772285.0
2025-07-08 14:57:32.089,97541.09,99243.51,96703.28,96703.28,749608.0
2025-07-08 15:12:32.089,97427.06,98669.42,94711.32,98669.42,1798595.0
2025-07-08 15:27:32.089,98004.53,98975.7,96982.68,97259.52,1641033.0
2025-07-08 15:42:32.089,95772.39,96569.43,94256.97,94256.97,1361999.0
2025-07-08 15:57:32.089,94935.39,96789.38,93664.67,96532.42,1114356.0
2025-07-08 16:12:32.089,94873.91,96684.68,92353.5,96684.68,1780093.0
2025-07-08 16:27:32.089,97806.71,98442.08,95285.61,98416.79,1879516.0
2025-07-08 16:42:32.089,99763.3,102289.56,97680.65,100545.14,1628499.0
2025-07-08 16:57:32.089,100000.0,100023.48,97810.15,99227.52,1077435.0
2025-07-08 17:12:32.089,100000.0,102856.43,97769.66,101303.77,1974082.0
2025-07-08 17:27:32.089,100000.0,101605.16,99871.66,100123.41,697105.0
2025-07-08 17:42:32.089,100000.0,101657.21,99023.81,100602.25,632777.0
2025-07-08 17:57:32.089,100000.0,100941.88,98376.79,100619.36,601331.0
2025-07-08 18:12:32.089,100000.0,100587.87,99840.4,100587.87,1574815.0
2025-07-08 18:27:32.089,99575.56,100707.31,98025.88,100707.31,1232121.0
2025-07-08 18:42:32.089,100000.0,100145.37,97845.44,99721.39,1832921.0
2025-07-08 18:57:32.089,100000.0,100303.08,98405.48,99834.02,1077931.0
2025-07-08 19:12:32.089,97884.03,100075.27,96873.92,97415.64,1846743.0
2025-07-08 19:27:32.089,97699.23,98420.63,95307.2,95760.28,1211428.0
2025-07-08 19:42:32.089,94140.14,95533.33,92302.32,92302.32,1936485.0
2025-07-08 19:57:32.089,92431.61,94110.02,90546.75,94110.02,981272.0
2025-07-08 20:12:32.089,95322.01,97589.88,93769.25,97089.65,1317365.0
2025-07-08 20:27:32.089,95937.56,97537.81,94992.58,94992.58,1758602.0
2025-07-08 20:42:32.089,94893.31,95346.91,93722.79,93838.63,1704275.0
2025-07-08 20:57:32.089,94637.97,95233.8,93158.53,94492.84,634550.0
2025-07-08 21:12:32.089,96356.57,97071.39,94054.08,94437.0,1918395.0
2025-07-08 21:27:32.089,93311.84,95338.93,92392.42,92559.84,1576559.0
2025-07-08 21:42:32.089,94286.56,96294.46,93118.56,93731.85,961868.0
2025-07-08 21:57:32.089,93164.0,94057.7,93027.25,93027.25,1587774.0
2025-07-08 22:12:32.089,92117.36,92878.67,90883.1,92878.67,756524.0
2025-07-08 22:27:32.089,91694.42,93284.41,91023.19,93284.41,526803.0
2025-07-08 22:42:32.089,93783.9,96490.95,92553.23,93295.36,1700001.0
2025-07-08 22:57:32.089,91936.85,93355.18,91512.84,93057.02,911513.0
2025-07-08 23:12:32.089,92649.9,93450.69,89890.89,92905.01,1342251.0
2025-07-08 23:27:32.089,92390.76,94478.41,90437.64,93522.71,690972.0
2025-07-08 23:42:32.089,94350.58,96349.64,92282.63,94907.71,1601593.0
2025-07-08 23:57:32.089,95444.24,97306.36,92838.47,96396.49,1064753.0
2025-07-09 00:12:32.089,98107.68,100666.32,96990.17,96990.17,1533037.0
2025-07-09 00:27:32.089,95582.58,96743.81,94928.75,95925.97,1426024.0
2025-07-09 00:42:32.089,96658.93,97981.97,95291.12,96593.4,1957806.0
2025-07-09 00:57:32.089,97712.37,98592.87,95093.22,98592.87,871480.0
2025-07-09 01:12:32.089,97177.23,98372.27,96856.29,97636.84,1566499.0
2025-07-09 01:27:32.089,96007.97,97776.28,93895.37,96416.31,1327435.0
2025-07-09 01:42:32.089,96829.46,98883.12,94523.84,98544.51,1210909.0
2025-07-09 01:57:32.089,97533.1,97599.74,96617.82,96704.31,716255.0
2025-07-09 02:12:32.089,96004.73,98409.8,95582.63,96382.53,1975470.0
2025-07-09 02:27:32.089,96681.02,97813.88,94323.29,97020.02,1154536.0
2025-07-09 02:42:32.089,96869.62,98207.02,94306.97,96983.49,871282.0
2025-07-09 02:57:32.089,97878.92,100794.85,96749.51,96749.51,1477848.0
2025-07-09 03:12:32.089,97924.24,100839.23,95481.89,96839.67,690556.0
2025-07-09 03:27:32.089,97941.31,98609.01,97045.99,98410.87,1839291.0
2025-07-09 03:42:32.089,97367.6,99348.83,95741.07,97186.57,820297.0
2025-07-09 03:57:32.089,95467.32,98060.86,93994.95,96178.42,1590337.0
2025-07-09 04:12:32.089,97913.5,99273.21,95980.93,99273.21,901643.0
2025-07-09 04:27:32.089,98687.78,100584.52,98033.94,100466.75,1362931.0
2025-07-09 04:42:32.089,98860.12,99901.33,97634.52,98295.6,1105514.0
2025-07-09 04:57:32.089,98968.56,100430.85,96920.94,100430.85,1427659.0
2025-07-09 05:12:32.089,100000.0,101703.1,97166.06,101703.1,1294537.0
2025-07-09 05:27:32.089,100000.0,102925.81,98667.43,99830.58,1633347.0
2025-07-09 05:42:32.089,100000.0,101702.01,98299.16,98299.16,1541419.0
2025-07-09 05:57:32.089,98593.94,99226.4,97862.42,97862.42,1619406.0
2025-07-09 06:12:32.089,97794.09,100686.01,95734.3,97224.05,1043437.0
2025-07-09 06:27:32.089,96966.35,97020.56,96274.68,96510.85,1625203.0
2025-07-09 06:42:32.089,95252.28,97510.07,94238.17,94278.13,770062.0
2025-07-09 06:57:32.089,92947.53,94403.05,91194.27,91194.27,1853252.0
2025-07-09 07:12:32.089,90991.87,92625.42,89565.81,91676.97,1067171.0
2025-07-09 07:27:32.089,92115.06,93812.54,89408.57,93276.52,1627649.0
2025-07-09 07:42:32.089,94255.06,94847.96,91947.81,94298.81,751332.0
2025-07-09 07:57:32.089,93747.2,96506.11,91359.06,92329.59,1345031.0
2025-07-09 08:12:32.089,94086.53,95231.0,92231.74,95231.0,1306287.0
2025-07-09 08:27:32.089,93543.26,95678.18,91064.97,94415.26,1317481.0
2025-07-09 08:42:32.089,93384.58,95750.56,91107.66,94307.69,891532.0
2025-07-09 08:57:32.089,95349.56,98038.15,94291.66,96062.64,1807060.0
2025-07-09 09:12:32.089,97207.17,98982.57,96405.7,98982.57,1196212.0
2025-07-09 09:27:32.089,99456.15,99999.62,98285.8,99996.36,1668979.0
2025-07-09 09:42:32.089,100000.0,101574.68,99194.08,99194.08,1702924.0
2025-07-09 09:57:32.089,98793.53,100812.64,98670.55,99286.01,1858258.0
2025-07-09 10:12:32.089,100000.0,101213.64,97072.32,99700.08,1378964.0
2025-07-09 10:27:32.089,99261.52,100711.02,98121.56,100053.54,1709038.0
2025-07-09 10:42:32.089,100000.0,101755.4,99103.7,101755.4,1683197.0
2025-07-09 10:57:32.089,100000.0,102220.58,98248.4,98248.4,1700947.0
2025-07-09 11:12:32.089,97533.25,99742.86,95692.29,95692.29,1422118.0
2025-07-09 11:27:32.089,94335.48,95854.2,92705.71,95854.2,1784608.0
2025-07-09 11:42:32.089,94470.18,96128.69,92559.15,94509.58,1496430.0
2025-07-09 11:57:32.089,95414.9,96757.22,94663.8,96757.22,1043167.0
2025-07-09 12:12:32.089,96747.1,98348.57,94515.36,96432.92,792449.0
2025-07-09 12:27:32.089,94899.42,96714.05,92788.86,96082.2,721875.0
2025-07-09 12:42:32.089,96352.16,98542.62,95904.67,96201.15,1529245.0
2025-07-09 12:57:32.089,96087.24,97579.14,93873.54,97436.67,1882315.0
2025-07-09 13:12:32.089,97727.92,98448.92,95480.17,98448.92,1134399.0
2025-07-09 13:27:32.089,98973.61,99711.17,97196.91,99711.17,1697173.0
2025-07-09 13:42:32.089,98928.72,101367.1,97835.23,100311.32,1238064.0
2025-07-09 13:57:32.089,100000.0,101519.97,98178.26,100615.76,1210000.0
2025-07-09 14:12:32.089,99524.6,101324.06,97484.34,101324.06,778032.0
2025-07-09 14:27:32.089,100000.0,100888.56,97013.26,100496.27,974291.0
2025-07-09 14:42:32.089,100000.0,100237.08,99508.19,99946.88,683040.0
2025-07-09 14:57:32.089,99733.41,101541.38,97260.99,98062.61,1898105.0
2025-07-09 15:12:32.089,97867.75,98915.32,97748.24,98915.32,613583.0
2025-07-09 15:27:32.089,98324.78,100172.29,96988.2,96988.2,1635810.0
2025-07-09 15:42:32.089,98353.18,99953.8,97893.32,97893.32,1751425.0
2025-07-09 15:57:32.089,96334.51,97356.24,93855.8,97356.24,514578.0
2025-07-09 16:12:32.089,97667.48,99673.27,95154.77,98623.73,1967030.0
2025-07-09 16:27:32.089,96841.96,98467.55,95790.18,98467.55,1387858.0
2025-07-09 16:42:32.089,96818.69,98543.13,95605.37,96246.36,776133.0
2025-07-09 16:57:32.089,94666.01,96461.78,94266.67,96461.78,1034793.0
2025-07-09 17:12:32.089,98151.74,100661.47,96075.15,96659.32,820763.0
2025-07-09 17:27:32.089,97665.97,98924.05,96856.94,98924.05,1188160.0
2025-07-09 17:42:32.089,98118.27,99351.02,96095.68,99351.02,1136166.0
2025-07-09 17:57:32.089,98587.48,99244.59,97416.62,97887.73,538461.0
2025-07-09 18:12:32.089,97702.0,99187.4,95081.11,99187.4,714356.0
2025-07-09 18:27:32.089,100000.0,102150.08,97558.79,98396.39,1817844.0
2025-07-09 18:42:32.089,100000.0,101197.15,98119.93,100883.37,720651.0
2025-07-09 18:57:32.089,100000.0,100755.81,98585.4,98585.4,1490878.0
2025-07-09 19:12:32.089,97561.21,100418.47,95024.89,96996.82,544307.0
2025-07-09 19:27:32.089,97231.72,98452.5,95897.12,97451.43,1763714.0
2025-07-09 19:42:32.089,99017.45,100381.0,97261.25,98529.3,1355903.0
2025-07-09 19:57:32.089,100000.0,101156.54,98408.69,100375.39,979255.0
2025-07-09 20:12:32.089,100000.0,102451.93,98358.79,98358.79,1260428.0
2025-07-09 20:27:32.089,100000.0,100958.15,97489.54,98103.52,1291087.0
2025-07-09 20:42:32.089,99537.53,99814.4,96714.41,99814.4,1466178.0
2025-07-09 20:57:32.089,100000.0,100285.17,98208.65,98781.0,610261.0
2025-07-09 21:12:32.089,100000.0,101995.4,97978.96,101872.06,536295.0
2025-07-09 21:27:32.089,100000.0,100231.56,98094.89,98130.75,1679004.0
2025-07-09 21:42:32.089,97813.24,99095.06,95312.58,97462.16,1622819.0
2025-07-09 21:57:32.089,96077.67,96948.11,94654.49,94943.11,1804931.0
2025-07-09 22:12:32.089,93910.72,95848.77,91972.51,92277.88,552971.0
2025-07-09 22:27:32.089,92456.42,93187.11,89904.08,93187.11,610144.0
2025-07-09 22:42:32.089,91445.28,94027.96,90290.88,91388.3,1809475.0
2025-07-09 22:57:32.089,90766.55,92751.38,89107.85,89107.85,1783289.0
2025-07-09 23:12:32.089,90348.58,91539.04,89235.76,90702.5,1322567.0
2025-07-09 23:27:32.089,91853.15,92638.11,89112.87,91578.95,1093475.0
2025-07-09 23:42:32.089,93053.76,93613.61,90469.17,93212.97,1733073.0
2025-07-09 23:57:32.089,93478.55,95973.75,93158.99,93936.46,1693834.0
2025-07-10 00:12:32.089,93330.82,94824.35,92871.92,93432.84,1340811.0
2025-07-10 00:27:32.089,94814.42,95484.16,93527.28,93527.28,1298215.0
2025-07-10 00:42:32.089,94833.76,97527.02,93271.47,95418.26,1092391.0
2025-07-10 00:57:32.089,93739.13,93750.96,92777.76,92777.76,1670763.0
2025-07-10 01:12:32.089,91501.74,93455.82,89871.32,90173.19,1379768.0
2025-07-10 01:27:32.089,91382.37,92826.92,89712.78,90954.65,911572.0
2025-07-10 01:42:32.089,91540.24,92082.05,89882.55,89882.55,508279.0
2025-07-10 01:57:32.089,90438.81,93055.91,89182.0,89386.74,1180651.0
2025-07-10 02:12:32.089,90330.74,91548.94,88499.48,88840.5,758157.0
2025-07-10 02:27:32.089,88318.53,90963.53,86594.98,86594.98,1154620.0
2025-07-10 02:42:32.089,85757.01,86796.48,84356.21,84356.21,1547039.0
2025-07-10 02:57:32.089,85227.49,85860.54,83753.18,84988.93,1547549.0
2025-07-10 03:12:32.089,85945.17,87146.25,84204.28,87146.25,1118755.0
2025-07-10 03:27:32.089,88458.26,90794.62,87104.66,89588.03,1965074.0
2025-07-10 03:42:32.089,90057.05,90811.87,88266.41,90066.33,549508.0
2025-07-10 03:57:32.089,88615.52,91265.31,86574.97,89020.13,1451065.0
2025-07-10 04:12:32.089,89074.6,89517.88,86480.72,89517.88,1559848.0
2025-07-10 04:27:32.089,90689.72,91564.59,89433.8,90308.44,1652745.0
2025-07-10 04:42:32.089,90180.07,91768.88,89968.85,90535.01,665370.0
2025-07-10 04:57:32.089,91475.03,93909.14,90131.45,92811.84,827767.0
2025-07-10 05:12:32.089,93008.19,95773.21,91746.32,91746.32,1129323.0
2025-07-10 05:27:32.089,93113.94,94879.42,92558.73,94879.42,984149.0
2025-07-10 05:42:32.089,95477.73,97207.39,94064.69,97186.7,1717762.0
2025-07-10 05:57:32.089,96952.14,97010.81,96720.28,96720.28,1609614.0
2025-07-10 06:12:32.089,96742.08,97198.29,96429.22,96961.24,1779270.0
2025-07-10 06:27:32.089,97922.0,99465.72,96163.06,98102.56,517712.0
2025-07-10 06:42:32.089,97156.48,99539.08,96048.47,97569.75,1143401.0
2025-07-10 06:57:32.089,98939.1,100800.15,96904.39,100800.15,1809208.0
2025-07-10 07:12:32.089,100000.0,102449.68,97444.5,100293.36,1884200.0
2025-07-10 07:27:32.089,100000.0,102254.11,97901.68,101187.28,675438.0
2025-07-10 07:42:32.089,100000.0,100382.77,98495.08,100170.64,1350633.0
2025-07-10 07:57:32.089,100000.0,102042.26,99031.11,100856.1,936480.0
2025-07-10 08:12:32.089,99426.86,99974.25,99089.22,99974.25,1987004.0
2025-07-10 08:27:32.089,99360.97,99752.31,97589.5,97589.5,1631134.0
2025-07-10 08:42:32.089,98185.06,98597.6,97278.77,97278.77,1344671.0
2025-07-10 08:57:32.089,95791.7,96953.04,94803.03,95150.96,1700778.0
2025-07-10 09:12:32.089,95666.6,96096.14,94496.78,95777.81,1419950.0
2025-07-10 09:27:32.089,97646.53,99286.87,95492.91,96382.74,1580193.0
2025-07-10 09:42:32.089,97479.36,97570.57,95070.38,97169.96,1266802.0
2025-07-10 09:57:32.089,95234.08,98089.6,92608.28,96074.83,1665904.0
2025-07-10 10:12:32.089,97612.04,99534.49,94774.19,95868.94,1010631.0
2025-07-10 10:27:32.089,93959.81,95592.24,92757.8,92857.36,906910.0
2025-07-10 10:42:32.089,92740.76,93483.65,91731.64,91731.64,909979.0
2025-07-10 10:57:32.089,90452.89,92087.02,89603.31,90841.68,1119357.0
2025-07-10 11:12:32.089,90908.3,91554.95,90643.56,91554.95,1529816.0
2025-07-10 11:27:32.089,92861.49,92944.63,91788.55,92032.55,960945.0
2025-07-10 11:42:32.089,90831.82,92112.28,89908.44,91222.98,1114686.0
2025-07-10 11:57:32.089,90418.16,90722.56,88501.16,89634.02,723763.0
2025-07-10 12:12:32.089,89704.94,91911.16,87258.98,88227.39,1355606.0
2025-07-10 12:27:32.089,88889.74,90596.3,87794.44,90596.3,876612.0
2025-07-10 12:42:32.089,90218.84,90793.67,89293.32,89293.32,1879930.0
2025-07-10 12:57:32.089,87671.26,89747.18,86189.49,88786.25,1442168.0
2025-07-10 13:12:32.089,88252.84,90682.96,85705.53,88387.93,1224083.0
2025-07-10 13:27:32.089,88471.48,91099.42,86034.69,89297.32,1029471.0
2025-07-10 13:42:32.089,87816.76,89500.8,86110.79,86110.79,1552216.0
2025-07-10 13:57:32.089,86016.17,87143.03,84309.11,84559.57,1675377.0
2025-07-10 14:12:32.089,84060.19,86514.68,83877.67,84313.46,733406.0
2025-07-10 14:27:32.089,84818.94,85966.68,83265.14,84257.36,972009.0
2025-07-10 14:42:32.089,84132.82,85263.24,83957.19,84438.71,914676.0
2025-07-10 14:57:32.089,83745.63,84556.3,83010.24,83450.91,894340.0
2025-07-10 15:12:32.089,83732.34,84628.94,82690.72,84628.94,1617513.0
2025-07-10 15:27:32.089,84667.12,86425.65,84590.9,84838.81,1868020.0
2025-07-10 15:42:32.089,84500.8,85657.77,83077.22,83077.22,1345486.0
2025-07-10 15:57:32.089,83256.77,84013.99,82504.32,83129.24,1736377.0
2025-07-10 16:12:32.089,83805.73,84186.04,82270.8,82270.8,883762.0
2025-07-10 16:27:32.089,82863.57,85329.92,80496.07,83665.45,1061739.0
2025-07-10 16:42:32.089,85279.04,85839.61,84984.0,85839.61,1907967.0
2025-07-10 16:57:32.089,85428.73,86855.97,85321.33,86855.97,1416254.0
2025-07-10 17:12:32.089,87712.72,89029.72,86383.59,86383.59,1558519.0
2025-07-10 17:27:32.089,85625.98,86852.47,84340.41,86852.47,563873.0
2025-07-10 17:42:32.089,86997.86,88637.96,84653.31,88637.96,881492.0
2025-07-10 17:57:32.089,88187.64,90761.56,85995.07,88086.98,1334042.0
2025-07-10 18:12:32.089,88466.22,90396.36,85884.15,88035.31,1619548.0
2025-07-10 18:27:32.089,88543.02,88748.0,87617.73,88747.63,1454882.0
2025-07-10 18:42:32.089,87527.63,88656.55,85206.79,86631.74,1978727.0
2025-07-10 18:57:32.089,87392.57,90014.33,84966.88,88586.63,987098.0
2025-07-10 19:12:32.089,88634.13,89412.86,87278.2,87278.2,1629578.0
2025-07-10 19:27:32.089,86220.48,86368.78,85788.27,86252.33,707770.0
2025-07-10 19:42:32.089,86755.76,89238.65,85322.02,87007.92,1875438.0
2025-07-10 19:57:32.089,88633.99,89718.65,87331.25,89718.65,1014700.0
2025-07-10 20:12:32.089,88061.45,90202.72,86835.74,88447.4,555130.0
2025-07-10 20:27:32.089,89648.13,90074.67,88260.56,88260.56,840386.0
2025-07-10 20:42:32.089,86512.64,87051.26,84964.09,84964.09,1630355.0
2025-07-10 20:57:32.089,86238.63,88170.11,84522.52,87210.4,814310.0
2025-07-10 21:12:32.089,88212.93,89651.99,86551.28,86551.28,1869278.0
2025-07-10 21:27:32.089,85056.75,85867.96,84166.62,85867.96,1114293.0
2025-07-10 21:42:32.089,86750.14,88593.08,85922.55,88012.71,1758926.0
2025-07-10 21:57:32.089,87065.36,88827.31,85749.71,87664.92,1294716.0
2025-07-10 22:12:32.089,88672.47,91021.9,87736.74,89145.67,1880547.0
2025-07-10 22:27:32.089,90768.55,92357.64,88355.5,91756.72,1800391.0
2025-07-10 22:42:32.089,90341.46,92800.95,88865.21,88865.21,1729686.0
2025-07-10 22:57:32.089,89436.18,91051.72,89312.82,91051.72,1557592.0
2025-07-10 23:12:32.089,91353.0,91843.01,90782.72,90870.99,875658.0
2025-07-10 23:27:32.089,90818.34,91776.13,89761.55,91059.04,1350308.0
2025-07-10 23:42:32.089,89685.88,89751.27,88269.4,89544.89,1693292.0
2025-07-10 23:57:32.089,90694.78,91516.55,89649.08,91263.65,1442921.0
2025-07-11 00:12:32.089,92392.98,94921.13,89636.58,90642.92,998694.0
2025-07-11 00:27:32.089,89198.13,91706.69,87672.68,90518.56,756927.0
2025-07-11 00:42:32.089,89219.41,91168.89,86933.14,90318.68,644400.0
2025-07-11 00:57:32.089,89601.69,91761.65,87811.25,91087.36,1461905.0
2025-07-11 01:12:32.089,92796.69,93077.29,91352.76,92131.64,1797284.0
2025-07-11 01:27:32.089,91383.13,93651.57,90382.5,90382.5,1900541.0
2025-07-11 01:42:32.089,92000.74,92864.15,89476.98,90188.18,1439576.0
2025-07-11 01:57:32.089,88883.34,90533.63,87605.7,89120.97,966855.0
2025-07-11 02:12:32.089,89131.79,91739.77,88001.76,88004.67,1855837.0
2025-07-11 02:27:32.089,87863.45,90114.25,86222.25,86222.25,1088382.0
2025-07-11 02:42:32.089,87880.6,90247.08,87239.05,87239.05,673082.0
2025-07-11 02:57:32.089,87007.51,89158.46,86621.09,88732.34,791974.0
2025-07-11 03:12:32.089,86976.6,89119.79,85873.52,87096.77,759138.0
2025-07-11 03:27:32.089,88043.39,89627.96,86226.32,87177.18,1052298.0
2025-07-11 03:42:32.089,85762.11,87117.32,84597.4,87117.32,1193940.0
2025-07-11 03:57:32.089,86644.46,88227.09,84162.53,86026.48,1042244.0
2025-07-11 04:12:32.089,87100.5,88594.23,85417.9,85417.9,1004574.0
2025-07-11 04:27:32.089,86659.21,88193.59,84275.09,86029.97,1423737.0
2025-07-11 04:42:32.089,87605.69,88037.94,86602.29,87438.32,1802796.0
2025-07-11 04:57:32.089,86176.65,86882.59,85039.83,85039.83,1242709.0
2025-07-11 05:12:32.089,84188.52,86337.89,82816.35,83836.73,1076053.0
2025-07-11 05:27:32.089,84514.82,85340.64,84324.31,85340.64,1774932.0
2025-07-11 05:42:32.089,85472.62,86580.01,85104.2,86580.01,650008.0
2025-07-11 05:57:32.089,85444.47,87652.19,84844.99,84844.99,1872014.0
2025-07-11 06:12:32.089,85626.24,85761.34,84618.58,84618.58,661452.0
2025-07-11 06:27:32.089,85064.07,86800.47,83571.21,85853.04,1170176.0
2025-07-11 06:42:32.089,84775.68,85701.14,83182.15,83534.2,532280.0
2025-07-11 06:57:32.089,84633.08,86797.78,84566.38,85686.65,1743960.0
2025-07-11 07:12:32.089,85235.89,86812.76,83786.6,84585.4,805094.0
2025-07-11 07:27:32.089,84943.22,85536.58,84108.61,85536.58,771875.0
2025-07-11 07:42:32.089,84494.74,85454.42,84232.78,85248.46,888529.0
2025-07-11 07:57:32.089,86150.7,87643.03,83919.39,85189.53,537615.0
2025-07-11 08:12:32.089,84648.35,86090.08,84074.5,86090.08,1057039.0
2025-07-11 08:27:32.089,84957.58,86057.87,83003.55,86057.87,1103672.0
2025-07-11 08:42:32.089,86586.38,88293.45,85488.66,88293.45,509759.0
2025-07-11 08:57:32.089,89442.12,90123.84,87705.66,87705.66,1702185.0
2025-07-11 09:12:32.089,87780.79,90377.91,86030.43,86636.43,765519.0
2025-07-11 09:27:32.089,86042.67,86402.43,84515.73,84515.73,839622.0
2025-07-11 09:42:32.089,84430.88,86411.73,83345.97,84600.59,1002049.0
2025-07-11 09:57:32.089,85005.81,85580.13,82557.61,83593.69,606796.0
2025-07-11 10:12:32.089,83232.49,84303.99,80897.63,84303.99,637843.0
2025-07-11 10:27:32.089,85632.74,86019.06,84792.86,86019.06,967373.0
2025-07-11 10:42:32.089,85493.59,86964.8,83817.66,86964.8,960515.0
2025-07-11 10:57:32.089,88435.82,89544.82,86498.4,87254.81,1792811.0
2025-07-11 11:12:32.089,86438.97,87171.09,86363.47,86925.6,944331.0
2025-07-11 11:27:32.089,88015.04,89096.65,86629.14,87013.48,1265451.0
2025-07-11 11:42:32.089,85875.8,86278.61,83629.69,86278.61,1665345.0
2025-07-11 11:57:32.089,84737.02,87029.86,83218.21,85349.06,1678999.0
2025-07-11 12:12:32.089,85446.21,86956.55,84068.94,84068.94,1127486.0
2025-07-11 12:27:32.089,83297.76,84258.08,81011.76,84258.08,1312419.0
2025-07-11 12:42:32.089,83166.87,84707.47,82223.24,82696.83,1268712.0
2025-07-11 12:57:32.089,82123.33,82589.37,81372.21,82025.28,632081.0
2025-07-11 13:12:32.089,82552.79,83131.45,81156.24,81156.24,1874547.0
2025-07-11 13:27:32.089,79777.57,81673.57,79611.48,80481.4,873159.0
2025-07-11 13:42:32.089,81226.9,82444.91,79867.69,82444.91,1154113.0
2025-07-11 13:57:32.089,83059.4,85520.65,82198.71,82335.61,1064512.0
2025-07-11 14:12:32.089,83918.91,85353.7,83680.02,85353.7,833140.0
2025-07-11 14:27:32.089,86190.61,88114.86,85327.13,85327.13,1116402.0
2025-07-11 14:42:32.089,84918.91,86546.2,83825.98,84331.66,1480870.0
2025-07-11 14:57:32.089,84135.11,85263.55,82162.3,84433.85,815504.0
2025-07-11 15:12:32.089,85254.02,87750.5,83846.3,83846.3,768161.0
2025-07-11 15:27:32.089,84638.21,85776.6,82765.19,83063.18,1382099.0
2025-07-11 15:42:32.089,84410.79,85961.27,83016.0,85961.27,818156.0
2025-07-11 15:57:32.089,87574.48,89208.74,85488.54,89208.74,1370425.0
2025-07-11 16:12:32.089,90862.07,92377.82,89731.12,89731.12,1719639.0
2025-07-11 16:27:32.089,88090.53,89134.26,86543.97,86543.97,1863005.0
2025-07-11 16:42:32.089,87578.2,88894.91,86480.8,88894.41,1352325.0
2025-07-11 16:57:32.089,88509.49,88808.19,86043.42,88473.38,1627803.0
2025-07-11 17:12:32.089,89324.46,91809.51,88375.47,89105.87,1285330.0
2025-07-11 17:27:32.089,89110.32,90304.79,88999.22,90304.79,1197430.0
2025-07-11 17:42:32.089,91312.61,93392.65,90569.01,91757.21,1701765.0
2025-07-11 17:57:32.089,92822.39,95192.9,90633.47,91877.74,1145924.0
2025-07-11 18:12:32.089,93014.19,94780.19,91592.46,94780.19,593433.0
2025-07-11 18:27:32.089,96645.96,98220.47,95846.38,95955.45,589543.0
2025-07-11 18:42:32.089,94439.61,95753.82,93038.42,95164.62,1968459.0
2025-07-11 18:57:32.089,96608.57,97400.66,95022.07,95022.07,1639011.0
2025-07-11 19:12:32.089,95508.46,97098.13,95001.25,97098.13,1877957.0
2025-07-11 19:27:32.089,96608.38,98246.06,95935.81,98246.06,699259.0
2025-07-11 19:42:32.089,98118.88,99405.34,96448.02,99405.34,1852551.0
2025-07-11 19:57:32.089,98854.91,100633.47,97029.77,97835.7,678866.0
2025-07-11 20:12:32.089,96318.12,96811.51,93611.71,94894.96,1092946.0
2025-07-11 20:27:32.089,94165.45,94965.83,93867.07,93867.07,1708351.0
2025-07-11 20:42:32.089,93482.46,94275.8,92378.12,93209.51,616417.0
2025-07-11 20:57:32.089,93499.78,94041.63,91708.58,94041.63,1268489.0
2025-07-11 21:12:32.089,95622.63,97884.2,93432.35,95098.58,1811793.0
2025-07-11 21:27:32.089,94425.89,95801.25,94186.8,94186.8,1549178.0
2025-07-11 21:42:32.089,92699.15,93815.4,90697.43,91153.49,1956531.0
2025-07-11 21:57:32.089,92390.55,92776.25,89920.91,92050.21,1852886.0
2025-07-11 22:12:32.089,92539.75,94582.87,90346.4,91010.45,736313.0
2025-07-11 22:27:32.089,92738.78,94646.09,92118.61,92118.61,1927747.0
2025-07-11 22:42:32.089,93792.89,94513.27,91602.68,94089.41,1466269.0
2025-07-11 22:57:32.089,94047.7,96202.48,92627.31,93000.37,577466.0
2025-07-11 23:12:32.089,94023.86,95720.89,92549.19,92932.3,1946255.0
2025-07-11 23:27:32.089,93821.14,95500.17,92761.28,94928.99,1906067.0
2025-07-11 23:42:32.089,93671.77,95242.6,90981.92,95242.6,1651682.0
2025-07-11 23:57:32.089,94256.68,95854.68,92626.78,92626.78,1829403.0
2025-07-12 00:12:32.089,90922.73,93561.57,89213.1,92674.05,665728.0
2025-07-12 00:27:32.089,92652.42,94426.57,91149.64,91149.64,1178686.0
2025-07-12 00:42:32.089,91781.08,92423.29,90574.69,91041.32,573909.0
2025-07-12 00:57:32.089,91744.31,93030.57,89113.3,91112.17,1924853.0
2025-07-12 01:12:32.089,91607.77,94097.2,89834.58,93055.68,1503231.0
2025-07-12 01:27:32.089,93369.07,95618.56,92761.04,94015.26,766837.0
2025-07-12 01:42:32.089,94893.96,97711.31,93725.02,94959.48,1132263.0
2025-07-12 01:57:32.089,95745.65,98177.66,93114.46,95305.46,807568.0
2025-07-12 02:12:32.089,93562.22,95613.37,91957.4,92456.06,1977930.0
2025-07-12 02:27:32.089,92880.89,93585.46,90822.31,92219.5,753751.0
2025-07-12 02:42:32.089,91739.15,94335.05,90992.15,90992.15,898212.0
2025-07-12 02:57:32.089,90759.26,92567.18,89755.65,92567.18,822012.0
2025-07-12 03:12:32.089,91195.83,93521.02,91173.98,91798.57,1644557.0
2025-07-12 03:27:32.089,93081.51,93628.89,91310.91,91310.91,510077.0
2025-07-12 03:42:32.089,92005.17,92817.76,90245.46,91022.59,618184.0
2025-07-12 03:57:32.089,92376.82,94246.53,90615.96,94061.82,1931450.0
2025-07-12 04:12:32.089,93827.24,95726.89,92269.37,95614.55,1924346.0
2025-07-12 04:27:32.089,95176.24,96739.23,94264.77,95147.01,873177.0
2025-07-12 04:42:32.089,94639.15,96790.53,92752.96,94962.48,1832538.0
2025-07-12 04:57:32.089,95017.41,96914.32,92784.95,96538.87,1017462.0
2025-07-12 05:12:32.089,97819.4,99037.9,95933.55,95933.55,1820412.0
2025-07-12 05:27:32.089,95598.86,97839.38,92838.19,94693.0,1718855.0
2025-07-12 05:42:32.089,94935.27,95523.92,94790.66,95347.47,889032.0
2025-07-12 05:57:32.089,93718.02,95020.81,93118.12,94915.55,1624532.0
2025-07-12 06:12:32.089,96388.9,97449.97,94263.09,96773.12,1837582.0
2025-07-12 06:27:32.089,96269.98,96953.4,94600.15,96221.29,1304735.0
2025-07-12 06:42:32.089,95367.7,96853.44,93982.45,96680.49,895281.0
2025-07-12 06:57:32.089,98153.27,99877.12,96087.66,98282.14,1134419.0
2025-07-12 07:12:32.089,99572.45,99969.26,98435.73,99767.15,1838434.0
2025-07-12 07:27:32.089,100000.0,101156.1,98168.05,101156.1,599970.0
2025-07-12 07:42:32.089,99476.15,101080.77,97676.68,99454.58,860358.0
2025-07-12 07:57:32.089,100000.0,102291.5,98831.63,98831.63,1204236.0
2025-07-12 08:12:32.089,97887.88,99711.74,95332.14,99711.74,1778390.0
2025-07-12 08:27:32.089,99802.3,100712.54,98574.78,98654.68,1935478.0
2025-07-12 08:42:32.089,96932.97,98049.56,95206.19,95206.19,1514825.0
2025-07-12 08:57:32.089,94464.66,95142.32,92120.18,94962.57,1998601.0
2025-07-12 09:12:32.089,93467.37,95945.6,92888.8,93046.97,991515.0
2025-07-12 09:27:32.089,91785.96,93287.01,91561.58,93186.8,1589282.0
2025-07-12 09:42:32.089,93124.93,95406.19,90881.52,93528.48,1120910.0
2025-07-12 09:57:32.089,94839.57,96351.88,94572.66,95395.19,1303357.0
2025-07-12 10:12:32.089,93946.26,96550.32,92181.35,92181.35,1711276.0
2025-07-12 10:27:32.089,91047.76,93130.27,89338.22,89338.22,1554356.0
2025-07-12 10:42:32.089,91009.57,92594.04,89534.07,90572.66,1430845.0
2025-07-12 10:57:32.089,90159.48,92447.32,88251.1,88573.64,864462.0
2025-07-12 11:12:32.089,86971.02,89220.29,86008.02,86975.17,1649870.0
2025-07-12 11:27:32.089,87270.47,89329.3,85753.69,85753.69,718180.0
2025-07-12 11:42:32.089,86260.96,87247.34,84446.57,86054.62,1761938.0
2025-07-12 11:57:32.089,85400.24,87028.28,84031.02,85978.03,1211680.0
2025-07-12 12:12:32.089,85379.37,86151.61,84017.14,84017.14,1476980.0
2025-07-12 12:27:32.089,85423.76,86510.4,83756.76,83756.76,1115222.0
2025-07-12 12:42:32.089,82647.91,83278.06,80990.61,83278.06,1266953.0
2025-07-12 12:57:32.089,81642.9,82420.23,80051.32,80051.32,1115695.0
2025-07-12 13:12:32.089,79422.28,80360.15,77695.81,80360.15,1581214.0
2025-07-12 13:27:32.089,78845.98,81006.85,78439.02,79968.61,787862.0
2025-07-12 13:42:32.089,78953.08,80455.28,77255.1,78843.75,1536883.0
2025-07-12 13:57:32.089,79190.22,79962.16,78780.78,78780.78,661153.0
2025-07-12 14:12:32.089,78795.03,80181.17,77559.75,79932.26,1035115.0
2025-07-12 14:27:32.089,79813.33,82024.58,78411.7,79453.38,1437784.0
2025-07-12 14:42:32.089,80313.75,81958.2,78953.12,81021.76,1631714.0
2025-07-12 14:57:32.089,79878.92,80531.2,78224.26,78435.12,1395753.0
2025-07-12 15:12:32.089,79359.85,80408.02,77634.13,78431.51,1942012.0
2025-07-12 15:27:32.089,79848.13,81329.39,78520.16,78520.16,1051947.0
2025-07-12 15:42:32.089,78410.36,79782.02,77144.14,79782.02,864215.0
2025-07-12 15:57:32.089,78623.61,80671.52,77029.05,79498.2,1502581.0
2025-07-12 16:12:32.089,80591.28,81153.05,78841.23,80021.89,546533.0
2025-07-12 16:27:32.089,81081.45,82587.07,78658.21,82587.07,1380480.0
2025-07-12 16:42:32.089,82933.27,85405.78,82763.38,82763.38,1507049.0
2025-07-12 16:57:32.089,81630.56,82033.2,80111.67,80733.81,1710152.0
2025-07-12 17:12:32.089,79658.7,80371.39,78360.55,80144.84,1060013.0
2025-07-12 17:27:32.089,79667.3,80088.62,79498.43,79657.5,1428808.0
2025-07-12 17:42:32.089,79941.41,80668.59,79788.82,79788.82,1946721.0
2025-07-12 17:57:32.089,80475.4,80561.76,79136.34,79136.34,1883590.0
