timestamp,price,portfolio_value,cash,position,action
2025-07-25 08:26:30.956,28350.12,100000.0,100000.0,0.0,[-0.04257018]
2025-07-25 08:41:30.956,29228.34,100000.0,100000.0,0.0,[-0.69737778]
2025-07-25 08:56:30.956,28568.88,100000.0,100000.0,0.0,[-0.1462379]
2025-07-25 09:11:30.956,28910.5,100000.0,100000.0,0.0,[-0.1104064]
2025-07-25 09:26:30.956,29445.82,100000.0,100000.0,0.0,[-0.55015369]
2025-07-25 09:41:30.956,29694.19,100000.0,100000.0,0.0,[-0.28097175]
2025-07-25 09:56:30.956,29051.15,100000.0,[41926.8129471],[1.79460648],[0.67023884]
2025-07-25 10:11:30.956,28050.81,100000.0,[41926.8129471],[1.79460648],[0.72398857]
2025-07-25 10:26:30.956,28345.04,100000.0,[41926.8129471],[1.79460648],[-0.84541417]
2025-07-25 10:41:30.956,28215.13,100000.0,[41926.8129471],[1.79460648],[0.96152519]
2025-07-25 10:56:30.956,28348.38,100000.0,[41926.8129471],[1.79460648],[-0.87230825]
2025-07-25 11:11:30.956,28700.97,100000.0,[41926.8129471],[1.79460648],[-0.24337335]
2025-07-25 11:26:30.956,29126.13,100000.0,[41926.8129471],[1.79460648],[0.83488832]
2025-07-25 11:41:30.956,29437.87,100000.0,[41926.8129471],[1.79460648],[-0.96436339]
2025-07-25 11:56:30.956,30045.57,100000.0,[41926.8129471],[1.79460648],[-0.6153917]
2025-07-25 12:11:30.956,30293.75,100000.0,[41926.8129471],[1.79460648],[0.7483856]
2025-07-25 12:26:30.956,30590.75,100000.0,[41926.8129471],[1.79460648],[0.47440909]
2025-07-25 12:41:30.956,30384.0,100000.0,[41926.8129471],[1.79460648],[-0.59388286]
2025-07-25 12:56:30.956,31081.3,100000.0,[41926.8129471],[1.79460648],[-0.36411247]
2025-07-25 13:11:30.956,31140.55,100000.0,[41926.8129471],[1.79460648],[0.06496657]
2025-07-25 13:26:30.956,31645.48,100000.0,[41926.8129471],[1.79460648],[0.6522087]
2025-07-25 13:41:30.956,31306.64,100000.0,[41926.8129471],[1.79460648],[-0.83413273]
2025-07-25 13:56:30.956,31583.35,100000.0,[41926.8129471],[1.79460648],[0.46945568]
2025-07-25 14:11:30.956,31563.2,100000.0,[41926.8129471],[1.79460648],[0.94831193]
2025-07-25 14:26:30.956,31089.22,100000.0,[41926.8129471],[1.79460648],[0.01336537]
2025-07-25 14:41:30.956,30884.03,100000.0,[41926.8129471],[1.79460648],[-0.48897087]
2025-07-25 14:56:30.956,30921.55,100000.0,[41926.8129471],[1.79460648],[-0.31548384]
2025-07-25 15:11:30.956,30863.43,100000.0,[41926.8129471],[1.79460648],[-0.86447478]
2025-07-25 15:26:30.956,31233.7,100000.0,[41926.8129471],[1.79460648],[0.84660216]
2025-07-25 15:41:30.956,31574.33,100000.0,[41926.8129471],[1.79460648],[0.99692744]
2025-07-25 15:56:30.956,31210.52,100000.0,[41926.8129471],[1.79460648],[-0.29561698]
2025-07-25 16:11:30.956,31141.08,100000.0,[41926.8129471],[1.79460648],[-0.08688078]
2025-07-25 16:26:30.956,31181.32,100000.0,[41926.8129471],[1.79460648],[-0.05911908]
2025-07-25 16:41:30.956,30537.73,100000.0,[41926.8129471],[1.79460648],[0.9400571]
2025-07-25 16:56:30.956,30513.58,100000.0,[41926.8129471],[1.79460648],[-0.35220838]
2025-07-25 17:11:30.956,30045.33,100000.0,[41926.8129471],[1.79460648],[-0.40019867]
2025-07-25 17:26:30.956,30865.45,100000.0,[41926.8129471],[1.79460648],[0.75597217]
2025-07-25 17:41:30.956,30478.43,100000.0,[41926.8129471],[1.79460648],[0.80299139]
2025-07-25 17:56:30.956,30660.88,100000.0,[41926.8129471],[1.79460648],[-0.74798411]
2025-07-25 18:11:30.956,30636.52,100000.0,[41926.8129471],[1.79460648],[-0.38925937]
2025-07-25 18:26:30.956,30900.73,100000.0,[41926.8129471],[1.79460648],[-0.46048297]
2025-07-25 18:41:30.956,30798.22,100000.0,[41926.8129471],[1.79460648],[0.7466686]
2025-07-25 18:56:30.956,30178.27,100000.0,[41926.8129471],[1.79460648],[-0.36983918]
2025-07-25 19:11:30.956,30274.88,100000.0,[41926.8129471],[1.79460648],[0.43024297]
2025-07-25 19:26:30.956,30353.89,100000.0,[41926.8129471],[1.79460648],[0.38464303]
2025-07-25 19:41:30.956,29706.37,100000.0,[41926.8129471],[1.79460648],[-0.30730799]
2025-07-25 19:56:30.956,30048.96,100000.0,[41926.8129471],[1.79460648],[0.1862082]
2025-07-25 20:11:30.956,29434.92,100000.0,[41926.8129471],[1.79460648],[0.44032105]
2025-07-25 20:26:30.956,29345.09,100000.0,[41926.8129471],[1.79460648],[0.70559863]
2025-07-25 20:41:30.956,30079.33,100000.0,[41926.8129471],[1.79460648],[-0.1040437]
2025-07-25 20:56:30.956,29640.68,100000.0,[41926.8129471],[1.79460648],[0.77988413]
2025-07-25 21:11:30.956,30186.37,100000.0,[41926.8129471],[1.79460648],[-0.92027796]
2025-07-25 21:26:30.956,29544.51,100000.0,[41926.8129471],[1.79460648],[0.81974949]
2025-07-25 21:41:30.956,29053.05,100000.0,[41926.8129471],[1.79460648],[0.30194933]
2025-07-25 21:56:30.956,29739.81,100000.0,[41926.8129471],[1.79460648],[-0.38534827]
2025-07-25 22:11:30.956,30361.25,100000.0,[41926.8129471],[1.79460648],[-0.53718231]
2025-07-25 22:26:30.956,31129.23,100000.0,[41926.8129471],[1.79460648],[0.38836102]
2025-07-25 22:41:30.956,31931.41,100000.0,[41926.8129471],[1.79460648],[-0.25307884]
2025-07-25 22:56:30.956,32832.05,100000.0,[41926.8129471],[1.79460648],[0.10194089]
2025-07-25 23:11:30.956,32487.47,100000.0,[41926.8129471],[1.79460648],[0.86318974]
2025-07-25 23:26:30.956,32359.02,100000.0,[41926.8129471],[1.79460648],[0.13438093]
2025-07-25 23:41:30.956,32024.83,100000.0,[41926.8129471],[1.79460648],[-0.45044204]
2025-07-25 23:56:30.956,32275.8,100000.0,[41926.8129471],[1.79460648],[-0.17549584]
2025-07-26 00:11:30.956,32255.44,100000.0,[41926.8129471],[1.79460648],[0.37874287]
2025-07-26 00:26:30.956,32013.96,100000.0,[41926.8129471],[1.79460648],[-0.89360406]
2025-07-26 00:41:30.956,31787.54,100000.0,[41926.8129471],[1.79460648],[-0.07343108]
2025-07-26 00:56:30.956,31830.32,100000.0,[41926.8129471],[1.79460648],[0.15138741]
2025-07-26 01:11:30.956,32594.69,100000.0,[41926.8129471],[1.79460648],[0.75515465]
2025-07-26 01:26:30.956,32197.48,100000.0,[41926.8129471],[1.79460648],[-0.0312976]
2025-07-26 01:41:30.956,32939.55,100000.0,[41926.8129471],[1.79460648],[-0.14136304]
2025-07-26 01:56:30.956,32761.54,100000.0,[41926.8129471],[1.79460648],[0.42622741]
2025-07-26 02:11:30.956,31862.91,100000.0,[41926.8129471],[1.79460648],[-0.96097695]
2025-07-26 02:26:30.956,31582.54,100000.0,[41926.8129471],[1.79460648],[0.72737614]
2025-07-26 02:41:30.956,32148.4,100000.0,[41926.8129471],[1.79460648],[-0.86469648]
2025-07-26 02:56:30.956,32981.91,100000.0,[41926.8129471],[1.79460648],[0.17333415]
2025-07-26 03:11:30.956,31889.24,100000.0,[41926.8129471],[1.79460648],[-0.50706805]
2025-07-26 03:26:30.956,31784.39,100000.0,[41926.8129471],[1.79460648],[0.21290084]
2025-07-26 03:41:30.956,31967.44,100000.0,[41926.8129471],[1.79460648],[0.99943047]
2025-07-26 03:56:30.956,31124.61,100000.0,[41926.8129471],[1.79460648],[0.54652691]
2025-07-26 04:11:30.956,31504.21,100000.0,[41926.8129471],[1.79460648],[-0.79547419]
2025-07-26 04:26:30.956,30468.4,100000.0,[41926.8129471],[1.79460648],[0.7479444]
2025-07-26 04:41:30.956,30806.19,100000.0,[41926.8129471],[1.79460648],[0.47250572]
2025-07-26 04:56:30.956,31358.16,100000.0,[41926.8129471],[1.79460648],[0.74760865]
2025-07-26 05:11:30.956,30716.61,100000.0,[41926.8129471],[1.79460648],[0.06286995]
2025-07-26 05:26:30.956,30501.76,100000.0,[41926.8129471],[1.79460648],[-0.23534502]
2025-07-26 05:41:30.956,30168.16,100000.0,[41926.8129471],[1.79460648],[-0.4402044]
2025-07-26 05:56:30.956,29704.49,100000.0,[41926.8129471],[1.79460648],[-0.24964104]
2025-07-26 06:11:30.956,29631.48,100000.0,[41926.8129471],[1.79460648],[0.26047926]
2025-07-26 06:26:30.956,29965.68,100000.0,[41926.8129471],[1.79460648],[0.27725883]
2025-07-26 06:41:30.956,30605.78,100000.0,[41926.8129471],[1.79460648],[-0.95308331]
2025-07-26 06:56:30.956,31056.82,100000.0,[41926.8129471],[1.79460648],[-0.68159329]
2025-07-26 07:11:30.956,30622.1,100000.0,[41926.8129471],[1.79460648],[0.7969796]
2025-07-26 07:26:30.956,30604.12,100000.0,[41926.8129471],[1.79460648],[-0.94036686]
2025-07-26 07:41:30.956,30564.11,100000.0,[41926.8129471],[1.79460648],[-0.4611557]
2025-07-26 07:56:30.956,31233.96,100000.0,[41926.8129471],[1.79460648],[0.24220843]
2025-07-26 08:11:30.956,31149.06,100000.0,[41926.8129471],[1.79460648],[0.67026377]
2025-07-26 08:26:30.956,31028.28,100000.0,[41926.8129471],[1.79460648],[-0.55413395]
2025-07-26 08:41:30.956,30569.15,100000.0,[41926.8129471],[1.79460648],[0.07179458]
2025-07-26 08:56:30.956,29896.98,100000.0,[41926.8129471],[1.79460648],[0.82843644]
2025-07-26 09:11:30.956,28977.45,100000.0,[41926.8129471],[1.79460648],[-0.30341446]
2025-07-26 09:26:30.956,29191.6,100000.0,[41926.8129471],[1.79460648],[-0.66429998]
2025-07-26 09:41:30.956,29021.81,100000.0,[41926.8129471],[1.79460648],[-0.51468041]
2025-07-26 09:56:30.956,29365.3,100000.0,[41926.8129471],[1.79460648],[-0.12816879]
2025-07-26 10:11:30.956,29303.68,100000.0,[41926.8129471],[1.79460648],[-0.29489355]
2025-07-26 10:26:30.956,29006.21,100000.0,[41926.8129471],[1.79460648],[-0.91844972]
2025-07-26 10:41:30.956,28498.63,100000.0,[41926.8129471],[1.79460648],[0.9771637]
2025-07-26 10:56:30.956,28620.48,100000.0,[41926.8129471],[1.79460648],[-0.91997844]
2025-07-26 11:11:30.956,29093.58,100000.0,[41926.8129471],[1.79460648],[0.41999267]
2025-07-26 11:26:30.956,29197.05,100000.0,[41926.8129471],[1.79460648],[-0.38185843]
2025-07-26 11:41:30.956,29097.18,100000.0,[41926.8129471],[1.79460648],[0.83286348]
2025-07-26 11:56:30.956,28306.09,100000.0,[41926.8129471],[1.79460648],[0.46561069]
2025-07-26 12:11:30.956,28834.8,100000.0,[41926.8129471],[1.79460648],[0.82209132]
2025-07-26 12:26:30.956,29396.04,100000.0,[41926.8129471],[1.79460648],[0.58282723]
2025-07-26 12:41:30.956,29563.8,100000.0,[41926.8129471],[1.79460648],[-0.49606091]
2025-07-26 12:56:30.956,29915.91,100000.0,[41926.8129471],[1.79460648],[-0.79019458]
2025-07-26 13:11:30.956,29914.73,100000.0,[41926.8129471],[1.79460648],[0.25511905]
2025-07-26 13:26:30.956,29152.46,100000.0,[41926.8129471],[1.79460648],[-0.65514162]
2025-07-26 13:41:30.956,28926.89,100000.0,[41926.8129471],[1.79460648],[-0.26105075]
2025-07-26 13:56:30.956,28554.09,100000.0,[41926.8129471],[1.79460648],[0.63491013]
2025-07-26 14:11:30.956,27654.29,100000.0,[41926.8129471],[1.79460648],[0.29368016]
2025-07-26 14:26:30.956,27785.79,100000.0,[41926.8129471],[1.79460648],[-0.57118013]
2025-07-26 14:41:30.956,27635.74,100000.0,[41926.8129471],[1.79460648],[-0.75601603]
2025-07-26 14:56:30.956,28118.9,100000.0,[41926.8129471],[1.79460648],[-0.76199839]
2025-07-26 15:11:30.956,28582.12,100000.0,[41926.8129471],[1.79460648],[-0.57677208]
2025-07-26 15:26:30.956,28408.43,100000.0,[41926.8129471],[1.79460648],[0.79726827]
2025-07-26 15:41:30.956,27844.35,100000.0,[41926.8129471],[1.79460648],[-0.49828331]
2025-07-26 15:56:30.956,28113.93,100000.0,[41926.8129471],[1.79460648],[0.6074636]
2025-07-26 16:11:30.956,28239.01,100000.0,[41926.8129471],[1.79460648],[-0.91787293]
2025-07-26 16:26:30.956,27688.46,100000.0,[41926.8129471],[1.79460648],[0.08323732]
2025-07-26 16:41:30.956,27524.07,100000.0,[41926.8129471],[1.79460648],[0.88528667]
2025-07-26 16:56:30.956,27846.74,100000.0,[41926.8129471],[1.79460648],[0.31455963]
2025-07-26 17:11:30.956,28101.08,100000.0,[41926.8129471],[1.79460648],[-0.71066537]
2025-07-26 17:26:30.956,28608.4,100000.0,[41926.8129471],[1.79460648],[0.36660454]
2025-07-26 17:41:30.956,29011.94,100000.0,[41926.8129471],[1.79460648],[0.79541697]
2025-07-26 17:56:30.956,28914.78,100000.0,[41926.8129471],[1.79460648],[-0.86040361]
2025-07-26 18:11:30.956,28490.41,100000.0,[41926.8129471],[1.79460648],[0.75966449]
2025-07-26 18:26:30.956,29258.17,100000.0,[41926.8129471],[1.79460648],[0.44681422]
2025-07-26 18:41:30.956,29814.7,100000.0,[41926.8129471],[1.79460648],[-0.32367722]
2025-07-26 18:56:30.956,29507.48,100000.0,[41926.8129471],[1.79460648],[0.64949287]
2025-07-26 19:11:30.956,28546.15,100000.0,[41926.8129471],[1.79460648],[-0.03051527]
2025-07-26 19:26:30.956,28505.04,100000.0,[41926.8129471],[1.79460648],[-0.80518224]
2025-07-26 19:41:30.956,28833.21,100000.0,[41926.8129471],[1.79460648],[-0.85030722]
2025-07-26 19:56:30.956,29179.33,100000.0,[41926.8129471],[1.79460648],[0.07981261]
2025-07-26 20:11:30.956,29239.28,100000.0,[41926.8129471],[1.79460648],[-0.56726908]
2025-07-26 20:26:30.956,29049.02,100000.0,[41926.8129471],[1.79460648],[0.07785321]
2025-07-26 20:41:30.956,28104.51,100000.0,[41926.8129471],[1.79460648],[0.93216753]
2025-07-26 20:56:30.956,27641.21,100000.0,[41926.8129471],[1.79460648],[-0.86172009]
2025-07-26 21:11:30.956,27317.26,100000.0,[41926.8129471],[1.79460648],[0.76131673]
2025-07-26 21:26:30.956,27229.34,100000.0,[41926.8129471],[1.79460648],[0.56182529]
2025-07-26 21:41:30.956,26824.2,100000.0,[41926.8129471],[1.79460648],[-0.65008387]
2025-07-26 21:56:30.956,27258.88,100000.0,[41926.8129471],[1.79460648],[-0.77433541]
2025-07-26 22:11:30.956,27546.61,100000.0,[41926.8129471],[1.79460648],[-0.304357]
2025-07-26 22:26:30.956,27329.51,100000.0,[41926.8129471],[1.79460648],[0.6082563]
2025-07-26 22:41:30.956,28184.32,100000.0,[41926.8129471],[1.79460648],[0.81203862]
2025-07-26 22:56:30.956,28092.04,100000.0,[41926.8129471],[1.79460648],[-0.65206073]
2025-07-26 23:11:30.956,28504.19,100000.0,[41926.8129471],[1.79460648],[0.17964389]
2025-07-26 23:26:30.956,28511.74,100000.0,[41926.8129471],[1.79460648],[-0.43649607]
2025-07-26 23:41:30.956,28448.27,100000.0,[41926.8129471],[1.79460648],[-0.62932693]
2025-07-26 23:56:30.956,28636.66,100000.0,[41926.8129471],[1.79460648],[-0.15299987]
2025-07-27 00:11:30.956,28390.11,100000.0,[41926.8129471],[1.79460648],[-0.7445836]
2025-07-27 00:26:30.956,29240.07,100000.0,[41926.8129471],[1.79460648],[0.0740819]
2025-07-27 00:41:30.956,29441.36,100000.0,[41926.8129471],[1.79460648],[-0.07866937]
2025-07-27 00:56:30.956,30024.49,100000.0,[41926.8129471],[1.79460648],[-0.97068718]
2025-07-27 01:11:30.956,30078.55,100000.0,[41926.8129471],[1.79460648],[-0.53120816]
2025-07-27 01:26:30.956,30353.17,100000.0,[41926.8129471],[1.79460648],[-0.44541839]
2025-07-27 01:41:30.956,30096.21,100000.0,[41926.8129471],[1.79460648],[0.26411165]
2025-07-27 01:56:30.956,29011.19,100000.0,[41926.8129471],[1.79460648],[-0.20991881]
2025-07-27 02:11:30.956,28742.3,100000.0,[41926.8129471],[1.79460648],[-0.75135497]
2025-07-27 02:26:30.956,28857.43,100000.0,[41926.8129471],[1.79460648],[0.64267279]
2025-07-27 02:41:30.956,29046.79,100000.0,[41926.8129471],[1.79460648],[0.90631418]
2025-07-27 02:56:30.956,29226.43,100000.0,[41926.8129471],[1.79460648],[-0.89235921]
2025-07-27 03:11:30.956,28487.73,100000.0,[41926.8129471],[1.79460648],[0.88218616]
2025-07-27 03:26:30.956,29145.61,100000.0,[41926.8129471],[1.79460648],[0.96434279]
2025-07-27 03:41:30.956,28601.38,100000.0,[41926.8129471],[1.79460648],[-0.3135047]
2025-07-27 03:56:30.956,28830.05,100000.0,[41926.8129471],[1.79460648],[-0.12387474]
2025-07-27 04:11:30.956,28867.89,100000.0,[41926.8129471],[1.79460648],[0.50151617]
2025-07-27 04:26:30.956,29909.03,100000.0,[41926.8129471],[1.79460648],[0.4859651]
2025-07-27 04:41:30.956,29378.06,100000.0,[41926.8129471],[1.79460648],[0.62477971]
2025-07-27 04:56:30.956,28688.46,100000.0,[41926.8129471],[1.79460648],[-0.12845084]
2025-07-27 05:11:30.956,28676.29,100000.0,[41926.8129471],[1.79460648],[-0.73066642]
2025-07-27 05:26:30.956,28475.15,100000.0,[41926.8129471],[1.79460648],[-0.60715143]
2025-07-27 05:41:30.956,28404.88,100000.0,[41926.8129471],[1.79460648],[0.42499641]
2025-07-27 05:56:30.956,28144.97,100000.0,[41926.8129471],[1.79460648],[0.54154724]
2025-07-27 06:11:30.956,28021.83,100000.0,[41926.8129471],[1.79460648],[-0.98648572]
2025-07-27 06:26:30.956,27763.38,100000.0,[41926.8129471],[1.79460648],[0.51770512]
2025-07-27 06:41:30.956,27676.33,100000.0,[41926.8129471],[1.79460648],[0.98017398]
2025-07-27 06:56:30.956,27989.79,100000.0,[41926.8129471],[1.79460648],[0.74678954]
2025-07-27 07:11:30.956,27420.19,100000.0,[41926.8129471],[1.79460648],[0.19125238]
2025-07-27 07:26:30.956,26777.5,100000.0,[41926.8129471],[1.79460648],[-0.39141955]
2025-07-27 07:41:30.956,26854.85,100000.0,[41926.8129471],[1.79460648],[0.67093609]
2025-07-27 07:56:30.956,26468.51,100000.0,[41926.8129471],[1.79460648],[0.40717529]
2025-07-27 08:11:30.956,26698.98,100000.0,[41926.8129471],[1.79460648],[0.53353187]
2025-07-27 08:26:30.956,27052.05,100000.0,[41926.8129471],[1.79460648],[0.87491286]
2025-07-27 08:41:30.956,26994.66,100000.0,[41926.8129471],[1.79460648],[-0.14884855]
2025-07-27 08:56:30.956,27227.56,100000.0,[41926.8129471],[1.79460648],[0.60660472]
2025-07-27 09:11:30.956,27559.07,100000.0,[41926.8129471],[1.79460648],[-0.1741085]
2025-07-27 09:26:30.956,27510.74,100000.0,[41926.8129471],[1.79460648],[0.27244382]
2025-07-27 09:41:30.956,26671.9,100000.0,[41926.8129471],[1.79460648],[0.9370683]
2025-07-27 09:56:30.956,27052.07,100000.0,[41926.8129471],[1.79460648],[-0.16523216]
2025-07-27 10:11:30.956,27441.11,100000.0,[41926.8129471],[1.79460648],[-0.79990879]
2025-07-27 10:26:30.956,27187.63,100000.0,[41926.8129471],[1.79460648],[-0.20929034]
2025-07-27 10:41:30.956,27156.88,100000.0,[41926.8129471],[1.79460648],[-0.4590545]
2025-07-27 10:56:30.956,27123.87,100000.0,[41926.8129471],[1.79460648],[-0.64518476]
2025-07-27 11:11:30.956,27242.21,100000.0,[41926.8129471],[1.79460648],[-0.45492626]
2025-07-27 11:26:30.956,27563.45,100000.0,[41926.8129471],[1.79460648],[-0.3033542]
2025-07-27 11:41:30.956,26994.85,100000.0,[41926.8129471],[1.79460648],[-0.51039376]
2025-07-27 11:56:30.956,26734.19,100000.0,[41926.8129471],[1.79460648],[0.69965566]
2025-07-27 12:11:30.956,27505.6,100000.0,[41926.8129471],[1.79460648],[0.77314313]
2025-07-27 12:26:30.956,27509.56,100000.0,[41926.8129471],[1.79460648],[-0.65801357]
2025-07-27 12:41:30.956,27125.81,100000.0,[41926.8129471],[1.79460648],[-0.10188883]
2025-07-27 12:56:30.956,27658.74,100000.0,[41926.8129471],[1.79460648],[0.23242619]
2025-07-27 13:11:30.956,27174.74,100000.0,[41926.8129471],[1.79460648],[0.98267596]
2025-07-27 13:26:30.956,27648.0,100000.0,[41926.8129471],[1.79460648],[0.91381799]
2025-07-27 13:41:30.956,27579.69,100000.0,[41926.8129471],[1.79460648],[-0.56007694]
2025-07-27 13:56:30.956,27796.78,100000.0,[41926.8129471],[1.79460648],[0.74075283]
2025-07-27 14:11:30.956,28450.52,100000.0,[41926.8129471],[1.79460648],[0.38134923]
2025-07-27 14:26:30.956,29275.31,100000.0,[41926.8129471],[1.79460648],[0.74195575]
2025-07-27 14:41:30.956,29702.27,100000.0,[41926.8129471],[1.79460648],[-0.99427216]
2025-07-27 14:56:30.956,30105.76,100000.0,[41926.8129471],[1.79460648],[-0.17637851]
2025-07-27 15:11:30.956,29110.0,100000.0,[41926.8129471],[1.79460648],[0.69234675]
2025-07-27 15:26:30.956,28685.24,100000.0,[41926.8129471],[1.79460648],[-0.31326171]
2025-07-27 15:41:30.956,28973.46,100000.0,[41926.8129471],[1.79460648],[0.96488272]
2025-07-27 15:56:30.956,29259.54,100000.0,[41926.8129471],[1.79460648],[0.55294819]
2025-07-27 16:11:30.956,29386.05,100000.0,[41926.8129471],[1.79460648],[0.69664506]
2025-07-27 16:26:30.956,29929.7,100000.0,[41926.8129471],[1.79460648],[0.89734606]
2025-07-27 16:41:30.956,30423.27,100000.0,[41926.8129471],[1.79460648],[0.29916796]
2025-07-27 16:56:30.956,31220.08,100000.0,[41926.8129471],[1.79460648],[0.3158836]
2025-07-27 17:11:30.956,31772.73,100000.0,[41926.8129471],[1.79460648],[0.41767228]
2025-07-27 17:26:30.956,31558.83,100000.0,[41926.8129471],[1.79460648],[0.56618267]
2025-07-27 17:41:30.956,30649.69,100000.0,[41926.8129471],[1.79460648],[0.08966511]
2025-07-27 17:56:30.956,31414.42,100000.0,[41926.8129471],[1.79460648],[0.06913306]
2025-07-27 18:11:30.956,30981.34,100000.0,[41926.8129471],[1.79460648],[0.2292679]
2025-07-27 18:26:30.956,30771.89,100000.0,[41926.8129471],[1.79460648],[0.48737435]
2025-07-27 18:41:30.956,30418.27,100000.0,[41926.8129471],[1.79460648],[0.93151709]
2025-07-27 18:56:30.956,29985.07,100000.0,[41926.8129471],[1.79460648],[0.17074641]
2025-07-27 19:11:30.956,30842.65,100000.0,[41926.8129471],[1.79460648],[0.33059434]
2025-07-27 19:26:30.956,31043.72,100000.0,[41926.8129471],[1.79460648],[-0.94789089]
2025-07-27 19:41:30.956,31375.9,100000.0,[41926.8129471],[1.79460648],[-0.24062765]
2025-07-27 19:56:30.956,30756.77,100000.0,[41926.8129471],[1.79460648],[-0.75811801]
2025-07-27 20:11:30.956,30162.88,100000.0,[41926.8129471],[1.79460648],[0.97633681]
2025-07-27 20:26:30.956,30691.66,100000.0,[41926.8129471],[1.79460648],[0.8315306]
2025-07-27 20:41:30.956,31371.47,100000.0,[41926.8129471],[1.79460648],[-0.11728386]
2025-07-27 20:56:30.956,31942.91,100000.0,[41926.8129471],[1.79460648],[-0.51385441]
2025-07-27 21:11:30.956,32109.32,100000.0,[41926.8129471],[1.79460648],[0.53106434]
2025-07-27 21:26:30.956,32523.06,100000.0,[41926.8129471],[1.79460648],[-0.85793826]
2025-07-27 21:41:30.956,31993.51,100000.0,[41926.8129471],[1.79460648],[-0.43694708]
2025-07-27 21:56:30.956,32228.72,100000.0,[41926.8129471],[1.79460648],[-0.80673324]
2025-07-27 22:11:30.956,32097.46,100000.0,[41926.8129471],[1.79460648],[-0.02501538]
2025-07-27 22:26:30.956,31790.57,100000.0,[41926.8129471],[1.79460648],[0.93602667]
2025-07-27 22:41:30.956,32753.6,100000.0,[41926.8129471],[1.79460648],[-0.73177155]
2025-07-27 22:56:30.956,32451.41,100000.0,[41926.8129471],[1.79460648],[-0.8570339]
2025-07-27 23:11:30.956,32948.03,100000.0,[41926.8129471],[1.79460648],[0.14163374]
2025-07-27 23:26:30.956,33205.08,100000.0,[41926.8129471],[1.79460648],[-0.82867815]
2025-07-27 23:41:30.956,33572.07,100000.0,[41926.8129471],[1.79460648],[-0.8560738]
2025-07-27 23:56:30.956,33879.65,100000.0,[41926.8129471],[1.79460648],[0.71802846]
2025-07-28 00:11:30.956,34054.53,100000.0,[41926.8129471],[1.79460648],[-0.95932141]
2025-07-28 00:26:30.956,34764.42,100000.0,[41926.8129471],[1.79460648],[-0.06440625]
2025-07-28 00:41:30.956,35904.4,100000.0,[41926.8129471],[1.79460648],[0.86694205]
2025-07-28 00:56:30.956,35712.54,100000.0,[41926.8129471],[1.79460648],[0.64478881]
2025-07-28 01:11:30.956,35250.7,100000.0,[41926.8129471],[1.79460648],[-0.26086732]
2025-07-28 01:26:30.956,35526.39,100000.0,[41926.8129471],[1.79460648],[0.88827929]
2025-07-28 01:41:30.956,35842.63,100000.0,[41926.8129471],[1.79460648],[-0.25286305]
2025-07-28 01:56:30.956,35689.18,100000.0,[41926.8129471],[1.79460648],[0.73402278]
2025-07-28 02:11:30.956,35777.89,100000.0,[41926.8129471],[1.79460648],[-0.01696804]
2025-07-28 02:26:30.956,36925.19,100000.0,[41926.8129471],[1.79460648],[-0.43374817]
2025-07-28 02:41:30.956,37083.2,100000.0,[41926.8129471],[1.79460648],[-0.40257501]
2025-07-28 02:56:30.956,37416.62,100000.0,[41926.8129471],[1.79460648],[0.71766108]
2025-07-28 03:11:30.956,36983.95,100000.0,[41926.8129471],[1.79460648],[-0.39458812]
2025-07-28 03:26:30.956,37427.37,100000.0,[41926.8129471],[1.79460648],[0.15609155]
2025-07-28 03:41:30.956,36850.73,100000.0,[41926.8129471],[1.79460648],[0.25925801]
2025-07-28 03:56:30.956,36091.33,100000.0,[41926.8129471],[1.79460648],[-0.42938147]
2025-07-28 04:11:30.956,35814.25,100000.0,[41926.8129471],[1.79460648],[0.40200505]
2025-07-28 04:26:30.956,35687.2,100000.0,[41926.8129471],[1.79460648],[0.60911465]
2025-07-28 04:41:30.956,36204.91,100000.0,[41926.8129471],[1.79460648],[0.08191616]
2025-07-28 04:56:30.956,36142.68,100000.0,[41926.8129471],[1.79460648],[0.51329005]
2025-07-28 05:11:30.956,36118.26,100000.0,[41926.8129471],[1.79460648],[0.8404717]
2025-07-28 05:26:30.956,36216.52,100000.0,[41926.8129471],[1.79460648],[-0.66300052]
2025-07-28 05:41:30.956,35287.21,100000.0,[41926.8129471],[1.79460648],[-0.45570088]
2025-07-28 05:56:30.956,36521.7,100000.0,[41926.8129471],[1.79460648],[-0.73189765]
2025-07-28 06:11:30.956,36466.92,100000.0,[41926.8129471],[1.79460648],[-0.40200532]
2025-07-28 06:26:30.956,37092.58,100000.0,[41926.8129471],[1.79460648],[-0.588041]
2025-07-28 06:41:30.956,38091.46,100000.0,[41926.8129471],[1.79460648],[0.79072526]
2025-07-28 06:56:30.956,37754.31,100000.0,[41926.8129471],[1.79460648],[-0.08758668]
2025-07-28 07:11:30.956,37600.34,100000.0,[41926.8129471],[1.79460648],[-0.19751096]
2025-07-28 07:26:30.956,37581.51,100000.0,[41926.8129471],[1.79460648],[-0.86772673]
2025-07-28 07:41:30.956,37499.06,100000.0,[41926.8129471],[1.79460648],[-0.89812129]
2025-07-28 07:56:30.956,38367.9,100000.0,[41926.8129471],[1.79460648],[0.15473833]
2025-07-28 08:11:30.956,39142.42,100000.0,[41926.8129471],[1.79460648],[0.82868008]
2025-07-28 08:26:30.956,38598.75,100000.0,[41926.8129471],[1.79460648],[-0.37821368]
2025-07-28 08:41:30.956,39486.21,100000.0,[41926.8129471],[1.79460648],[-0.0535778]
2025-07-28 08:56:30.956,38687.87,100000.0,[41926.8129471],[1.79460648],[-0.51599999]
2025-07-28 09:11:30.956,38148.28,100000.0,[41926.8129471],[1.79460648],[0.01238312]
2025-07-28 09:26:30.956,38210.05,100000.0,[41926.8129471],[1.79460648],[-0.47112015]
2025-07-28 09:41:30.956,38133.59,100000.0,[41926.8129471],[1.79460648],[-0.01915487]
2025-07-28 09:56:30.956,37330.93,100000.0,[41926.8129471],[1.79460648],[-0.50179345]
2025-07-28 10:11:30.956,36912.55,100000.0,[41926.8129471],[1.79460648],[0.93458016]
2025-07-28 10:26:30.956,35864.78,100000.0,[41926.8129471],[1.79460648],[-0.42421809]
2025-07-28 10:41:30.956,36428.92,100000.0,[41926.8129471],[1.79460648],[-0.87650383]
2025-07-28 10:56:30.956,36060.27,100000.0,[41926.8129471],[1.79460648],[-0.94718637]
2025-07-28 11:11:30.956,36828.32,100000.0,[41926.8129471],[1.79460648],[0.41767121]
2025-07-28 11:26:30.956,37471.99,100000.0,[41926.8129471],[1.79460648],[-0.53180757]
2025-07-28 11:41:30.956,36200.96,100000.0,[41926.8129471],[1.79460648],[-0.39653197]
2025-07-28 11:56:30.956,36530.76,100000.0,[41926.8129471],[1.79460648],[0.52162812]
2025-07-28 12:11:30.956,35511.76,100000.0,[41926.8129471],[1.79460648],[-0.14333654]
2025-07-28 12:26:30.956,36220.44,100000.0,[41926.8129471],[1.79460648],[0.6509389]
2025-07-28 12:41:30.956,35978.63,100000.0,[41926.8129471],[1.79460648],[0.05893987]
2025-07-28 12:56:30.956,36434.31,100000.0,[41926.8129471],[1.79460648],[-0.72025077]
2025-07-28 13:11:30.956,35444.6,100000.0,[41926.8129471],[1.79460648],[0.18184424]
2025-07-28 13:26:30.956,34642.75,100000.0,[41926.8129471],[1.79460648],[0.78642622]
2025-07-28 13:41:30.956,34049.8,100000.0,[41926.8129471],[1.79460648],[0.62289775]
2025-07-28 13:56:30.956,34625.2,100000.0,[41926.8129471],[1.79460648],[0.10281287]
2025-07-28 14:11:30.956,33569.94,100000.0,[41926.8129471],[1.79460648],[-0.66898167]
2025-07-28 14:26:30.956,33493.71,100000.0,[41926.8129471],[1.79460648],[0.06914384]
2025-07-28 14:41:30.956,33850.88,100000.0,[41926.8129471],[1.79460648],[-0.95689659]
2025-07-28 14:56:30.956,33874.54,100000.0,[41926.8129471],[1.79460648],[-0.84305993]
2025-07-28 15:11:30.956,34354.01,100000.0,[41926.8129471],[1.79460648],[-0.67061708]
2025-07-28 15:26:30.956,34247.95,100000.0,[41926.8129471],[1.79460648],[-0.08790258]
2025-07-28 15:41:30.956,34311.78,100000.0,[41926.8129471],[1.79460648],[-0.99556606]
2025-07-28 15:56:30.956,34032.81,100000.0,[41926.8129471],[1.79460648],[-0.21469737]
2025-07-28 16:11:30.956,34489.44,100000.0,[41926.8129471],[1.79460648],[-0.09808226]
2025-07-28 16:26:30.956,34282.38,100000.0,[41926.8129471],[1.79460648],[0.74259552]
2025-07-28 16:41:30.956,33850.81,100000.0,[41926.8129471],[1.79460648],[0.24408608]
2025-07-28 16:56:30.956,33621.84,100000.0,[41926.8129471],[1.79460648],[-0.90303045]
2025-07-28 17:11:30.956,34578.06,100000.0,[41926.8129471],[1.79460648],[0.97964027]
2025-07-28 17:26:30.956,34875.32,100000.0,[41926.8129471],[1.79460648],[0.82851857]
2025-07-28 17:41:30.956,35544.8,100000.0,[41926.8129471],[1.79460648],[-0.35081266]
2025-07-28 17:56:30.956,36015.79,100000.0,[41926.8129471],[1.79460648],[0.50341138]
2025-07-28 18:11:30.956,36013.22,100000.0,[41926.8129471],[1.79460648],[0.23027903]
2025-07-28 18:26:30.956,35100.1,100000.0,[41926.8129471],[1.79460648],[-0.1920716]
2025-07-28 18:41:30.956,35893.54,100000.0,[41926.8129471],[1.79460648],[0.5160586]
2025-07-28 18:56:30.956,36581.92,100000.0,[41926.8129471],[1.79460648],[0.74003575]
2025-07-28 19:11:30.956,35647.47,100000.0,[41926.8129471],[1.79460648],[-0.88121728]
2025-07-28 19:26:30.956,35681.38,100000.0,[41926.8129471],[1.79460648],[0.8364393]
2025-07-28 19:41:30.956,35282.12,100000.0,[41926.8129471],[1.79460648],[-0.64597529]
2025-07-28 19:56:30.956,34639.6,100000.0,[41926.8129471],[1.79460648],[0.70304712]
2025-07-28 20:11:30.956,34555.65,100000.0,[41926.8129471],[1.79460648],[0.95003049]
2025-07-28 20:26:30.956,35663.04,100000.0,[41926.8129471],[1.79460648],[0.56818534]
2025-07-28 20:41:30.956,34531.72,100000.0,[41926.8129471],[1.79460648],[0.48625538]
2025-07-28 20:56:30.956,34802.15,100000.0,[41926.8129471],[1.79460648],[0.77699169]
2025-07-28 21:11:30.956,34849.31,100000.0,[41926.8129471],[1.79460648],[0.05461642]
2025-07-28 21:26:30.956,34745.03,100000.0,[41926.8129471],[1.79460648],[0.83923278]
2025-07-28 21:41:30.956,35441.72,100000.0,[41926.8129471],[1.79460648],[-0.10278603]
2025-07-28 21:56:30.956,35678.02,100000.0,[41926.8129471],[1.79460648],[-0.82641358]
2025-07-28 22:11:30.956,35813.8,100000.0,[41926.8129471],[1.79460648],[-0.31162516]
2025-07-28 22:26:30.956,35639.55,100000.0,[41926.8129471],[1.79460648],[0.15860832]
2025-07-28 22:41:30.956,35846.5,100000.0,[41926.8129471],[1.79460648],[0.41853588]
2025-07-28 22:56:30.956,35452.7,100000.0,[41926.8129471],[1.79460648],[0.15040461]
2025-07-28 23:11:30.956,35184.45,100000.0,[41926.8129471],[1.79460648],[-0.36178862]
2025-07-28 23:26:30.956,35814.99,100000.0,[41926.8129471],[1.79460648],[0.75021725]
2025-07-28 23:41:30.956,36091.27,100000.0,[41926.8129471],[1.79460648],[0.40444117]
2025-07-28 23:56:30.956,36240.43,100000.0,[41926.8129471],[1.79460648],[0.39265062]
2025-07-29 00:11:30.956,35885.87,100000.0,[41926.8129471],[1.79460648],[0.86368196]
2025-07-29 00:26:30.956,36396.69,100000.0,[41926.8129471],[1.79460648],[0.51067273]
2025-07-29 00:41:30.956,36785.85,100000.0,[41926.8129471],[1.79460648],[-0.01556692]
2025-07-29 00:56:30.956,36959.09,100000.0,[41926.8129471],[1.79460648],[0.72855622]
2025-07-29 01:11:30.956,37034.68,100000.0,[41926.8129471],[1.79460648],[0.46328431]
2025-07-29 01:26:30.956,37557.69,100000.0,[41926.8129471],[1.79460648],[-0.70299788]
2025-07-29 01:41:30.956,38639.75,100000.0,[41926.8129471],[1.79460648],[0.09807407]
2025-07-29 01:56:30.956,38351.4,100000.0,[41926.8129471],[1.79460648],[-0.29094924]
2025-07-29 02:11:30.956,38660.23,100000.0,[41926.8129471],[1.79460648],[0.3032249]
2025-07-29 02:26:30.956,37571.04,100000.0,[41926.8129471],[1.79460648],[0.01788074]
2025-07-29 02:41:30.956,37506.56,100000.0,[41926.8129471],[1.79460648],[0.74513167]
2025-07-29 02:56:30.956,37108.97,100000.0,[41926.8129471],[1.79460648],[-0.8746565]
2025-07-29 03:11:30.956,37161.28,100000.0,[41926.8129471],[1.79460648],[-0.8998231]
2025-07-29 03:26:30.956,36262.0,100000.0,[41926.8129471],[1.79460648],[-0.57915697]
2025-07-29 03:41:30.956,35901.0,100000.0,[41926.8129471],[1.79460648],[-0.22995956]
2025-07-29 03:56:30.956,35283.11,100000.0,[41926.8129471],[1.79460648],[0.98705761]
2025-07-29 04:11:30.956,35192.93,100000.0,[41926.8129471],[1.79460648],[0.65513324]
2025-07-29 04:26:30.956,35269.27,100000.0,[41926.8129471],[1.79460648],[0.60029345]
2025-07-29 04:41:30.956,36609.48,100000.0,[41926.8129471],[1.79460648],[0.74117595]
2025-07-29 04:56:30.956,35965.01,100000.0,[41926.8129471],[1.79460648],[0.51087572]
2025-07-29 05:11:30.956,35968.97,100000.0,[41926.8129471],[1.79460648],[0.04078293]
2025-07-29 05:26:30.956,35423.72,100000.0,[41926.8129471],[1.79460648],[-0.26678422]
2025-07-29 05:41:30.956,34682.62,100000.0,[41926.8129471],[1.79460648],[-0.33954008]
2025-07-29 05:56:30.956,34602.02,100000.0,[41926.8129471],[1.79460648],[-0.02619398]
2025-07-29 06:11:30.956,34824.55,100000.0,[41926.8129471],[1.79460648],[-0.43461759]
2025-07-29 06:26:30.956,35277.93,100000.0,[41926.8129471],[1.79460648],[-0.47323832]
2025-07-29 06:41:30.956,35406.26,100000.0,[41926.8129471],[1.79460648],[0.47209638]
2025-07-29 06:56:30.956,36451.19,100000.0,[41926.8129471],[1.79460648],[-0.38600835]
2025-07-29 07:11:30.956,35468.03,100000.0,[41926.8129471],[1.79460648],[0.95479862]
2025-07-29 07:26:30.956,35694.88,100000.0,[41926.8129471],[1.79460648],[0.2985665]
2025-07-29 07:41:30.956,36209.87,100000.0,[41926.8129471],[1.79460648],[0.30457045]
2025-07-29 07:56:30.956,36554.17,100000.0,[41926.8129471],[1.79460648],[0.6114929]
2025-07-29 08:11:30.956,36679.43,100000.0,[41926.8129471],[1.79460648],[0.47975724]
2025-07-29 08:26:30.956,37072.15,100000.0,[41926.8129471],[1.79460648],[0.21115961]
2025-07-29 08:41:30.956,37246.71,100000.0,[41926.8129471],[1.79460648],[-0.65324883]
2025-07-29 08:56:30.956,36351.33,100000.0,[41926.8129471],[1.79460648],[-0.33591562]
2025-07-29 09:11:30.956,37495.98,100000.0,[41926.8129471],[1.79460648],[-0.54957298]
2025-07-29 09:26:30.956,37829.84,100000.0,[41926.8129471],[1.79460648],[0.3790837]
2025-07-29 09:41:30.956,38417.61,100000.0,[41926.8129471],[1.79460648],[0.74624016]
2025-07-29 09:56:30.956,37864.74,100000.0,[41926.8129471],[1.79460648],[0.47664286]
2025-07-29 10:11:30.956,36885.28,100000.0,[41926.8129471],[1.79460648],[0.40984529]
2025-07-29 10:26:30.956,36191.04,100000.0,[41926.8129471],[1.79460648],[0.91129781]
2025-07-29 10:41:30.956,36492.42,100000.0,[41926.8129471],[1.79460648],[-0.30705411]
2025-07-29 10:56:30.956,36440.98,100000.0,[41926.8129471],[1.79460648],[0.29078691]
2025-07-29 11:11:30.956,37745.54,100000.0,[41926.8129471],[1.79460648],[-0.14087561]
2025-07-29 11:26:30.956,37277.81,100000.0,[41926.8129471],[1.79460648],[-0.51836434]
2025-07-29 11:41:30.956,36835.45,100000.0,[41926.8129471],[1.79460648],[-0.09972556]
2025-07-29 11:56:30.956,37600.85,100000.0,[41926.8129471],[1.79460648],[0.33200634]
2025-07-29 12:11:30.956,37104.03,100000.0,[41926.8129471],[1.79460648],[-0.89766033]
2025-07-29 12:26:30.956,37729.09,100000.0,[41926.8129471],[1.79460648],[0.12153309]
2025-07-29 12:41:30.956,38056.99,100000.0,[41926.8129471],[1.79460648],[-0.51758155]
2025-07-29 12:56:30.956,38826.32,100000.0,[41926.8129471],[1.79460648],[0.67317841]
2025-07-29 13:11:30.956,38872.4,100000.0,[41926.8129471],[1.79460648],[0.75659775]
2025-07-29 13:26:30.956,39776.35,100000.0,[41926.8129471],[1.79460648],[-0.1173979]
2025-07-29 13:41:30.956,39758.24,100000.0,[41926.8129471],[1.79460648],[-0.00397877]
2025-07-29 13:56:30.956,40400.98,100000.0,[41926.8129471],[1.79460648],[-0.35778499]
2025-07-29 14:11:30.956,40752.05,100000.0,[41926.8129471],[1.79460648],[-0.89980186]
2025-07-29 14:26:30.956,41369.72,100000.0,[41926.8129471],[1.79460648],[0.76453114]
2025-07-29 14:41:30.956,42076.92,100000.0,[41926.8129471],[1.79460648],[0.60183875]
2025-07-29 14:56:30.956,42111.98,100000.0,[41926.8129471],[1.79460648],[0.39164954]
2025-07-29 15:11:30.956,42283.08,100000.0,[41926.8129471],[1.79460648],[-0.24030274]
2025-07-29 15:26:30.956,42381.89,100000.0,[41926.8129471],[1.79460648],[-0.85650708]
2025-07-29 15:41:30.956,42728.39,100000.0,[41926.8129471],[1.79460648],[0.21900247]
2025-07-29 15:56:30.956,42233.87,100000.0,[41926.8129471],[1.79460648],[0.90314666]
2025-07-29 16:11:30.956,42671.7,100000.0,[41926.8129471],[1.79460648],[-0.35378073]
2025-07-29 16:26:30.956,42620.62,100000.0,[41926.8129471],[1.79460648],[0.38942102]
2025-07-29 16:41:30.956,41387.08,100000.0,[41926.8129471],[1.79460648],[0.95653733]
2025-07-29 16:56:30.956,41515.25,100000.0,[41926.8129471],[1.79460648],[-0.2287633]
2025-07-29 17:11:30.956,42950.44,100000.0,[41926.8129471],[1.79460648],[0.39667618]
2025-07-29 17:26:30.956,43203.7,100000.0,[41926.8129471],[1.79460648],[-0.62865074]
2025-07-29 17:41:30.956,42822.79,100000.0,[41926.8129471],[1.79460648],[-0.07244682]
2025-07-29 17:56:30.956,43795.06,100000.0,[41926.8129471],[1.79460648],[0.73020445]
2025-07-29 18:11:30.956,43641.15,100000.0,[41926.8129471],[1.79460648],[-0.14068317]
2025-07-29 18:26:30.956,43329.85,100000.0,[41926.8129471],[1.79460648],[-0.05476197]
2025-07-29 18:41:30.956,44313.72,100000.0,[41926.8129471],[1.79460648],[-0.828302]
2025-07-29 18:56:30.956,45652.18,100000.0,[41926.8129471],[1.79460648],[-0.6991422]
2025-07-29 19:11:30.956,44199.22,100000.0,[41926.8129471],[1.79460648],[0.67338067]
2025-07-29 19:26:30.956,44439.08,100000.0,[41926.8129471],[1.79460648],[0.60657357]
2025-07-29 19:41:30.956,44713.23,100000.0,[41926.8129471],[1.79460648],[0.3315599]
2025-07-29 19:56:30.956,44624.55,100000.0,[41926.8129471],[1.79460648],[0.5666453]
2025-07-29 20:11:30.956,43916.7,100000.0,[41926.8129471],[1.79460648],[0.13495071]
2025-07-29 20:26:30.956,45012.64,100000.0,[41926.8129471],[1.79460648],[-0.63716206]
2025-07-29 20:41:30.956,45333.23,100000.0,[41926.8129471],[1.79460648],[0.52744668]
2025-07-29 20:56:30.956,45888.88,100000.0,[41926.8129471],[1.79460648],[0.02898841]
2025-07-29 21:11:30.956,47207.37,100000.0,[41926.8129471],[1.79460648],[0.78696378]
2025-07-29 21:26:30.956,46732.4,100000.0,[41926.8129471],[1.79460648],[-0.52173305]
2025-07-29 21:41:30.956,46684.47,100000.0,[41926.8129471],[1.79460648],[0.12825056]
2025-07-29 21:56:30.956,47998.88,100000.0,[41926.8129471],[1.79460648],[-0.16523605]
2025-07-29 22:11:30.956,47825.38,100000.0,[41926.8129471],[1.79460648],[-0.78344263]
2025-07-29 22:26:30.956,48719.5,100000.0,[41926.8129471],[1.79460648],[-0.6487476]
2025-07-29 22:41:30.956,49162.35,100000.0,[41926.8129471],[1.79460648],[-0.44601378]
2025-07-29 22:56:30.956,47555.0,100000.0,[41926.8129471],[1.79460648],[0.56035302]
2025-07-29 23:11:30.956,47435.24,100000.0,[41926.8129471],[1.79460648],[0.71553529]
2025-07-29 23:26:30.956,48015.13,100000.0,[41926.8129471],[1.79460648],[0.6645859]
2025-07-29 23:41:30.956,47653.97,100000.0,[41926.8129471],[1.79460648],[0.930808]
2025-07-29 23:56:30.956,46618.47,100000.0,[41926.8129471],[1.79460648],[-0.5710563]
2025-07-30 00:11:30.956,46884.8,100000.0,[41926.8129471],[1.79460648],[-0.80154888]
2025-07-30 00:26:30.956,47960.6,100000.0,[41926.8129471],[1.79460648],[-0.35650807]
2025-07-30 00:41:30.956,47646.28,100000.0,[41926.8129471],[1.79460648],[0.07230192]
2025-07-30 00:56:30.956,48413.9,100000.0,[41926.8129471],[1.79460648],[-0.25091563]
2025-07-30 01:11:30.956,47760.12,100000.0,[41926.8129471],[1.79460648],[0.73339335]
2025-07-30 01:26:30.956,46907.77,100000.0,[41926.8129471],[1.79460648],[0.87286412]
2025-07-30 01:41:30.956,46832.85,100000.0,[41926.8129471],[1.79460648],[0.7246024]
2025-07-30 01:56:30.956,46904.45,100000.0,[41926.8129471],[1.79460648],[0.92807597]
2025-07-30 02:11:30.956,46706.75,100000.0,[41926.8129471],[1.79460648],[-0.19952978]
2025-07-30 02:26:30.956,46118.48,100000.0,[41926.8129471],[1.79460648],[-0.27015646]
2025-07-30 02:41:30.956,46258.9,100000.0,[41926.8129471],[1.79460648],[-0.46774078]
2025-07-30 02:56:30.956,46955.49,100000.0,[41926.8129471],[1.79460648],[0.93893145]
2025-07-30 03:11:30.956,47114.18,100000.0,[41926.8129471],[1.79460648],[0.59077629]
2025-07-30 03:26:30.956,46539.56,100000.0,[41926.8129471],[1.79460648],[-0.67358108]
2025-07-30 03:41:30.956,46146.44,100000.0,[41926.8129471],[1.79460648],[0.92055495]
2025-07-30 03:56:30.956,46244.39,100000.0,[41926.8129471],[1.79460648],[-0.7427209]
2025-07-30 04:11:30.956,46227.41,100000.0,[41926.8129471],[1.79460648],[0.27004312]
2025-07-30 04:26:30.956,46186.28,100000.0,[41926.8129471],[1.79460648],[0.56449058]
2025-07-30 04:41:30.956,46294.98,100000.0,[41926.8129471],[1.79460648],[0.02222238]
2025-07-30 04:56:30.956,46403.74,100000.0,[41926.8129471],[1.79460648],[0.13734501]
2025-07-30 05:11:30.956,45783.86,100000.0,[41926.8129471],[1.79460648],[-0.76959318]
2025-07-30 05:26:30.956,45735.6,100000.0,[41926.8129471],[1.79460648],[0.35855221]
2025-07-30 05:41:30.956,45175.29,100000.0,[41926.8129471],[1.79460648],[-0.53713479]
2025-07-30 05:56:30.956,44930.69,100000.0,[41926.8129471],[1.79460648],[0.82798392]
2025-07-30 06:11:30.956,45405.46,100000.0,[41926.8129471],[1.79460648],[-0.936479]
2025-07-30 06:26:30.956,45268.24,100000.0,[41926.8129471],[1.79460648],[-0.9727435]
2025-07-30 06:41:30.956,45714.52,100000.0,[41926.8129471],[1.79460648],[0.7769882]
2025-07-30 06:56:30.956,45060.89,100000.0,[41926.8129471],[1.79460648],[-0.70797096]
2025-07-30 07:11:30.956,44559.15,100000.0,[41926.8129471],[1.79460648],[0.18052926]
2025-07-30 07:26:30.956,45186.11,100000.0,[41926.8129471],[1.79460648],[-0.26341928]
2025-07-30 07:41:30.956,45088.06,100000.0,[41926.8129471],[1.79460648],[0.95862007]
2025-07-30 07:56:30.956,44445.41,100000.0,[41926.8129471],[1.79460648],[-0.32043237]
2025-07-30 08:11:30.956,45284.03,100000.0,[41926.8129471],[1.79460648],[-0.86818189]
2025-07-30 08:26:30.956,46681.67,100000.0,[41926.8129471],[1.79460648],[0.84263466]
2025-07-30 08:41:30.956,45701.52,100000.0,[41926.8129471],[1.79460648],[-0.53700614]
2025-07-30 08:56:30.956,46504.11,100000.0,[41926.8129471],[1.79460648],[0.71780818]
2025-07-30 09:11:30.956,47598.15,100000.0,[41926.8129471],[1.79460648],[-0.24183253]
2025-07-30 09:26:30.956,47099.01,100000.0,[41926.8129471],[1.79460648],[-0.72876109]
2025-07-30 09:41:30.956,47333.65,100000.0,[41926.8129471],[1.79460648],[0.90572228]
2025-07-30 09:56:30.956,46334.57,100000.0,[41926.8129471],[1.79460648],[-0.74744171]
2025-07-30 10:11:30.956,47350.43,100000.0,[41926.8129471],[1.79460648],[-0.49625892]
2025-07-30 10:26:30.956,47203.69,100000.0,[41926.8129471],[1.79460648],[-0.93720063]
2025-07-30 10:41:30.956,47263.56,100000.0,[41926.8129471],[1.79460648],[0.11311458]
2025-07-30 10:56:30.956,46256.71,100000.0,[41926.8129471],[1.79460648],[0.13634264]
2025-07-30 11:11:30.956,47144.6,100000.0,[41926.8129471],[1.79460648],[0.46197734]
2025-07-30 11:26:30.956,45770.17,100000.0,[41926.8129471],[1.79460648],[0.2571865]
2025-07-30 11:41:30.956,46468.33,100000.0,[41926.8129471],[1.79460648],[-0.09495376]
2025-07-30 11:56:30.956,44671.57,100000.0,[41926.8129471],[1.79460648],[-0.48451589]
2025-07-30 12:11:30.956,43065.8,100000.0,[41926.8129471],[1.79460648],[-0.99710866]
2025-07-30 12:26:30.956,44331.12,100000.0,[41926.8129471],[1.79460648],[0.30104597]
2025-07-30 12:41:30.956,44003.39,100000.0,[41926.8129471],[1.79460648],[0.32842856]
2025-07-30 12:56:30.956,43370.85,100000.0,[41926.8129471],[1.79460648],[-0.37336088]
2025-07-30 13:11:30.956,43959.49,100000.0,[41926.8129471],[1.79460648],[-0.13017622]
2025-07-30 13:26:30.956,43956.09,100000.0,[41926.8129471],[1.79460648],[-0.12699035]
2025-07-30 13:41:30.956,44677.8,100000.0,[41926.8129471],[1.79460648],[-0.80071523]
2025-07-30 13:56:30.956,44794.57,100000.0,[41926.8129471],[1.79460648],[0.55144825]
2025-07-30 14:11:30.956,43663.28,100000.0,[41926.8129471],[1.79460648],[-0.49188224]
2025-07-30 14:26:30.956,43558.25,100000.0,[41926.8129471],[1.79460648],[-0.89142149]
2025-07-30 14:41:30.956,42692.62,100000.0,[41926.8129471],[1.79460648],[-0.26750462]
2025-07-30 14:56:30.956,43144.13,100000.0,[41926.8129471],[1.79460648],[-0.89118578]
2025-07-30 15:11:30.956,41809.44,100000.0,[41926.8129471],[1.79460648],[0.56764737]
2025-07-30 15:26:30.956,42638.05,100000.0,[41926.8129471],[1.79460648],[0.88727067]
2025-07-30 15:41:30.956,42672.34,100000.0,[41926.8129471],[1.79460648],[0.47050931]
2025-07-30 15:56:30.956,42742.27,100000.0,[41926.8129471],[1.79460648],[0.25881485]
2025-07-30 16:11:30.956,42270.59,100000.0,[41926.8129471],[1.79460648],[0.48617707]
2025-07-30 16:26:30.956,42416.7,100000.0,[41926.8129471],[1.79460648],[0.64170386]
2025-07-30 16:41:30.956,42190.45,100000.0,[41926.8129471],[1.79460648],[-0.21615718]
2025-07-30 16:56:30.956,42304.89,100000.0,[41926.8129471],[1.79460648],[0.45875089]
2025-07-30 17:11:30.956,40938.27,100000.0,[41926.8129471],[1.79460648],[-0.68656661]
2025-07-30 17:26:30.956,41026.34,100000.0,[41926.8129471],[1.79460648],[-0.17579355]
2025-07-30 17:41:30.956,40479.72,100000.0,[41926.8129471],[1.79460648],[-0.01923362]
2025-07-30 17:56:30.956,40071.65,100000.0,[41926.8129471],[1.79460648],[0.78305261]
2025-07-30 18:11:30.956,40029.54,100000.0,[41926.8129471],[1.79460648],[0.82811989]
2025-07-30 18:26:30.956,39547.5,100000.0,[41926.8129471],[1.79460648],[-0.2858794]
2025-07-30 18:41:30.956,39709.54,100000.0,[41926.8129471],[1.79460648],[-0.7553434]
2025-07-30 18:56:30.956,39346.74,100000.0,[41926.8129471],[1.79460648],[-0.99497513]
2025-07-30 19:11:30.956,40132.68,100000.0,[41926.8129471],[1.79460648],[0.29710806]
2025-07-30 19:26:30.956,40392.45,100000.0,[41926.8129471],[1.79460648],[0.89063099]
2025-07-30 19:41:30.956,40605.57,100000.0,[41926.8129471],[1.79460648],[-0.20354345]
2025-07-30 19:56:30.956,40212.05,100000.0,[41926.8129471],[1.79460648],[-0.29376252]
2025-07-30 20:11:30.956,40165.26,100000.0,[41926.8129471],[1.79460648],[0.81373872]
2025-07-30 20:26:30.956,39770.2,100000.0,[41926.8129471],[1.79460648],[-0.01170975]
2025-07-30 20:41:30.956,39633.76,100000.0,[41926.8129471],[1.79460648],[0.52888417]
2025-07-30 20:56:30.956,40204.63,100000.0,[41926.8129471],[1.79460648],[-0.78427614]
2025-07-30 21:11:30.956,40736.25,100000.0,[41926.8129471],[1.79460648],[-0.25527093]
2025-07-30 21:26:30.956,41540.64,100000.0,[41926.8129471],[1.79460648],[-0.7840116]
2025-07-30 21:41:30.956,41509.84,100000.0,[41926.8129471],[1.79460648],[0.81200283]
2025-07-30 21:56:30.956,41597.45,100000.0,[41926.8129471],[1.79460648],[-0.42737653]
2025-07-30 22:11:30.956,41862.15,100000.0,[41926.8129471],[1.79460648],[-0.44680597]
2025-07-30 22:26:30.956,42027.92,100000.0,[41926.8129471],[1.79460648],[-0.23654543]
2025-07-30 22:41:30.956,42204.08,100000.0,[41926.8129471],[1.79460648],[0.38498977]
2025-07-30 22:56:30.956,42314.98,100000.0,[41926.8129471],[1.79460648],[0.10895018]
2025-07-30 23:11:30.956,41662.35,100000.0,[41926.8129471],[1.79460648],[-0.06046256]
2025-07-30 23:26:30.956,42750.13,100000.0,[41926.8129471],[1.79460648],[0.78968839]
2025-07-30 23:41:30.956,43739.46,100000.0,[41926.8129471],[1.79460648],[0.7515589]
2025-07-30 23:56:30.956,43307.28,100000.0,[41926.8129471],[1.79460648],[0.0597966]
2025-07-31 00:11:30.956,44107.07,100000.0,[41926.8129471],[1.79460648],[0.93193936]
2025-07-31 00:26:30.956,42854.99,100000.0,[41926.8129471],[1.79460648],[0.75777411]
2025-07-31 00:41:30.956,42589.14,100000.0,[41926.8129471],[1.79460648],[-0.34235831]
2025-07-31 00:56:30.956,42062.14,100000.0,[41926.8129471],[1.79460648],[-0.27544793]
2025-07-31 01:11:30.956,43399.02,100000.0,[41926.8129471],[1.79460648],[0.33793831]
2025-07-31 01:26:30.956,42383.67,100000.0,[41926.8129471],[1.79460648],[0.54562046]
2025-07-31 01:41:30.956,42654.24,100000.0,[41926.8129471],[1.79460648],[-0.62334577]
2025-07-31 01:56:30.956,42959.14,100000.0,[41926.8129471],[1.79460648],[0.41287922]
2025-07-31 02:11:30.956,43466.13,100000.0,[41926.8129471],[1.79460648],[-0.97829458]
2025-07-31 02:26:30.956,43119.44,100000.0,[41926.8129471],[1.79460648],[0.07157745]
2025-07-31 02:41:30.956,43143.57,100000.0,[41926.8129471],[1.79460648],[0.64304611]
2025-07-31 02:56:30.956,43011.88,100000.0,[41926.8129471],[1.79460648],[0.94708389]
2025-07-31 03:11:30.956,44039.76,100000.0,[41926.8129471],[1.79460648],[-0.30578334]
2025-07-31 03:26:30.956,44019.5,100000.0,[41926.8129471],[1.79460648],[-0.75870492]
2025-07-31 03:41:30.956,43922.23,100000.0,[41926.8129471],[1.79460648],[0.90850922]
2025-07-31 03:56:30.956,43907.4,100000.0,[41926.8129471],[1.79460648],[0.53956948]
2025-07-31 04:11:30.956,44158.47,100000.0,[41926.8129471],[1.79460648],[-0.7555951]
2025-07-31 04:26:30.956,44038.01,100000.0,[41926.8129471],[1.79460648],[0.34539524]
2025-07-31 04:41:30.956,45330.11,100000.0,[41926.8129471],[1.79460648],[0.27116711]
2025-07-31 04:56:30.956,45559.36,100000.0,[41926.8129471],[1.79460648],[-0.44213075]
2025-07-31 05:11:30.956,46187.68,100000.0,[41926.8129471],[1.79460648],[0.77018228]
2025-07-31 05:26:30.956,45379.87,100000.0,[41926.8129471],[1.79460648],[0.92749963]
2025-07-31 05:41:30.956,46424.55,100000.0,[41926.8129471],[1.79460648],[-0.65661977]
2025-07-31 05:56:30.956,46228.32,100000.0,[41926.8129471],[1.79460648],[0.40231281]
2025-07-31 06:11:30.956,45760.94,100000.0,[41926.8129471],[1.79460648],[0.58957184]
2025-07-31 06:26:30.956,45554.32,100000.0,[41926.8129471],[1.79460648],[0.95521718]
2025-07-31 06:41:30.956,45380.16,100000.0,[41926.8129471],[1.79460648],[0.53599925]
2025-07-31 06:56:30.956,45553.25,100000.0,[41926.8129471],[1.79460648],[-0.21494399]
2025-07-31 07:11:30.956,45743.75,100000.0,[41926.8129471],[1.79460648],[-0.87594433]
2025-07-31 07:26:30.956,46220.35,100000.0,[41926.8129471],[1.79460648],[-0.92220725]
2025-07-31 07:41:30.956,46199.87,100000.0,[41926.8129471],[1.79460648],[-0.98266711]
2025-07-31 07:56:30.956,46489.73,100000.0,[41926.8129471],[1.79460648],[0.47974157]
2025-07-31 08:11:30.956,45173.41,100000.0,[41926.8129471],[1.79460648],[-0.16582719]
2025-07-31 08:26:30.956,44079.12,100000.0,[41926.8129471],[1.79460648],[0.76972643]
2025-07-31 08:41:30.956,43282.01,100000.0,[41926.8129471],[1.79460648],[-0.96491007]
2025-07-31 08:56:30.956,42721.19,100000.0,[41926.8129471],[1.79460648],[-0.1374563]
2025-07-31 09:11:30.956,42615.99,100000.0,[41926.8129471],[1.79460648],[-0.52222181]
2025-07-31 09:26:30.956,43272.42,100000.0,[41926.8129471],[1.79460648],[-0.95098888]
2025-07-31 09:41:30.956,42439.71,100000.0,[41926.8129471],[1.79460648],[0.10421242]
2025-07-31 09:56:30.956,41884.23,100000.0,[41926.8129471],[1.79460648],[0.22522468]
2025-07-31 10:11:30.956,41792.38,100000.0,[41926.8129471],[1.79460648],[-0.55218511]
2025-07-31 10:26:30.956,41863.94,100000.0,[41926.8129471],[1.79460648],[0.54065594]
2025-07-31 10:41:30.956,42265.46,100000.0,[41926.8129471],[1.79460648],[0.62647646]
2025-07-31 10:56:30.956,43602.14,100000.0,[41926.8129471],[1.79460648],[0.66634146]
2025-07-31 11:11:30.956,44287.72,100000.0,[41926.8129471],[1.79460648],[0.97432146]
2025-07-31 11:26:30.956,45388.04,100000.0,[41926.8129471],[1.79460648],[-0.61835176]
2025-07-31 11:41:30.956,45036.76,100000.0,[41926.8129471],[1.79460648],[-0.73122985]
2025-07-31 11:56:30.956,45163.28,100000.0,[41926.8129471],[1.79460648],[0.98945726]
2025-07-31 12:11:30.956,44466.67,100000.0,[41926.8129471],[1.79460648],[0.45734854]
2025-07-31 12:26:30.956,44087.01,100000.0,[41926.8129471],[1.79460648],[0.08268689]
2025-07-31 12:41:30.956,44330.99,100000.0,[41926.8129471],[1.79460648],[0.37572575]
2025-07-31 12:56:30.956,44620.57,100000.0,[41926.8129471],[1.79460648],[-0.04653042]
2025-07-31 13:11:30.956,43218.74,100000.0,[41926.8129471],[1.79460648],[0.60324245]
2025-07-31 13:26:30.956,42365.77,100000.0,[41926.8129471],[1.79460648],[0.20647051]
2025-07-31 13:41:30.956,42026.95,100000.0,[41926.8129471],[1.79460648],[-0.43838177]
2025-07-31 13:56:30.956,42446.08,100000.0,[41926.8129471],[1.79460648],[-0.87613198]
2025-07-31 14:11:30.956,42263.13,100000.0,[41926.8129471],[1.79460648],[-0.41315707]
2025-07-31 14:26:30.956,42748.86,100000.0,[41926.8129471],[1.79460648],[0.78338715]
2025-07-31 14:41:30.956,41694.24,100000.0,[41926.8129471],[1.79460648],[-0.22186599]
2025-07-31 14:56:30.956,42673.98,100000.0,[41926.8129471],[1.79460648],[-0.42300215]
2025-07-31 15:11:30.956,41799.78,100000.0,[41926.8129471],[1.79460648],[-0.73865385]
2025-07-31 15:26:30.956,40959.92,100000.0,[41926.8129471],[1.79460648],[0.99898975]
2025-07-31 15:41:30.956,40984.0,100000.0,[41926.8129471],[1.79460648],[-0.56673631]
2025-07-31 15:56:30.956,41248.4,100000.0,[41926.8129471],[1.79460648],[0.08156472]
2025-07-31 16:11:30.956,41718.39,100000.0,[41926.8129471],[1.79460648],[0.97802679]
2025-07-31 16:26:30.956,40649.97,100000.0,[41926.8129471],[1.79460648],[0.57671639]
2025-07-31 16:41:30.956,40066.95,100000.0,[41926.8129471],[1.79460648],[-0.05319829]
2025-07-31 16:56:30.956,39480.76,100000.0,[41926.8129471],[1.79460648],[0.26396497]
2025-07-31 17:11:30.956,39377.89,100000.0,[41926.8129471],[1.79460648],[-0.74001467]
2025-07-31 17:26:30.956,39606.82,100000.0,[41926.8129471],[1.79460648],[0.32820832]
2025-07-31 17:41:30.956,38530.62,100000.0,[41926.8129471],[1.79460648],[-0.62774554]
2025-07-31 17:56:30.956,37466.72,100000.0,[41926.8129471],[1.79460648],[-0.80837027]
2025-07-31 18:11:30.956,37301.55,100000.0,[41926.8129471],[1.79460648],[-0.06282302]
2025-07-31 18:26:30.956,37299.41,100000.0,[41926.8129471],[1.79460648],[-0.89298728]
2025-07-31 18:41:30.956,37600.55,100000.0,[41926.8129471],[1.79460648],[0.91692336]
2025-07-31 18:56:30.956,37008.55,100000.0,[41926.8129471],[1.79460648],[0.81168173]
2025-07-31 19:11:30.956,36391.76,100000.0,[41926.8129471],[1.79460648],[0.64253625]
2025-07-31 19:26:30.956,36846.81,100000.0,[41926.8129471],[1.79460648],[0.35536088]
2025-07-31 19:41:30.956,36000.08,100000.0,[41926.8129471],[1.79460648],[0.69036603]
2025-07-31 19:56:30.956,36334.72,100000.0,[41926.8129471],[1.79460648],[0.3999418]
2025-07-31 20:11:30.956,37127.36,100000.0,[41926.8129471],[1.79460648],[0.15830288]
2025-07-31 20:26:30.956,37485.79,100000.0,[41926.8129471],[1.79460648],[0.03262362]
2025-07-31 20:41:30.956,36706.47,100000.0,[41926.8129471],[1.79460648],[-0.36042652]
2025-07-31 20:56:30.956,36746.39,100000.0,[41926.8129471],[1.79460648],[-0.31946826]
2025-07-31 21:11:30.956,36769.26,100000.0,[41926.8129471],[1.79460648],[0.29802843]
2025-07-31 21:26:30.956,37132.4,100000.0,[41926.8129471],[1.79460648],[0.9648232]
2025-07-31 21:41:30.956,37673.84,100000.0,[41926.8129471],[1.79460648],[0.51791369]
2025-07-31 21:56:30.956,36761.64,100000.0,[41926.8129471],[1.79460648],[-0.81045834]
2025-07-31 22:11:30.956,37846.09,100000.0,[41926.8129471],[1.79460648],[-0.4836465]
2025-07-31 22:26:30.956,38252.76,100000.0,[41926.8129471],[1.79460648],[0.39233208]
2025-07-31 22:41:30.956,37910.49,100000.0,[41926.8129471],[1.79460648],[-0.31139859]
2025-07-31 22:56:30.956,37752.36,100000.0,[41926.8129471],[1.79460648],[-0.58541526]
2025-07-31 23:11:30.956,38149.7,100000.0,[41926.8129471],[1.79460648],[0.38977216]
2025-07-31 23:26:30.956,38874.4,100000.0,[41926.8129471],[1.79460648],[0.45898948]
2025-07-31 23:41:30.956,39411.91,100000.0,[41926.8129471],[1.79460648],[0.31648182]
2025-07-31 23:56:30.956,39993.92,100000.0,[41926.8129471],[1.79460648],[-0.02598259]
2025-08-01 00:11:30.956,40116.14,100000.0,[41926.8129471],[1.79460648],[0.44972496]
2025-08-01 00:26:30.956,39862.21,100000.0,[41926.8129471],[1.79460648],[0.80483765]
2025-08-01 00:41:30.956,40098.38,100000.0,[41926.8129471],[1.79460648],[-0.41755495]
2025-08-01 00:56:30.956,38780.89,100000.0,[41926.8129471],[1.79460648],[-0.54649456]
2025-08-01 01:11:30.956,38494.89,100000.0,[41926.8129471],[1.79460648],[-0.22793359]
2025-08-01 01:26:30.956,37263.73,100000.0,[41926.8129471],[1.79460648],[-0.1597166]
2025-08-01 01:41:30.956,36594.45,100000.0,[41926.8129471],[1.79460648],[-0.29992046]
2025-08-01 01:56:30.956,36093.54,100000.0,[41926.8129471],[1.79460648],[-0.10941603]
2025-08-01 02:11:30.956,35394.89,100000.0,[41926.8129471],[1.79460648],[-0.99130619]
2025-08-01 02:26:30.956,35045.75,100000.0,[41926.8129471],[1.79460648],[0.25961868]
2025-08-01 02:41:30.956,33927.15,100000.0,[41926.8129471],[1.79460648],[-0.75534268]
2025-08-01 02:56:30.956,34924.32,100000.0,[41926.8129471],[1.79460648],[0.5806135]
2025-08-01 03:11:30.956,33849.65,100000.0,[41926.8129471],[1.79460648],[-0.7918153]
2025-08-01 03:26:30.956,34286.52,100000.0,[41926.8129471],[1.79460648],[0.36385474]
2025-08-01 03:41:30.956,34965.25,100000.0,[41926.8129471],[1.79460648],[0.32297996]
2025-08-01 03:56:30.956,34828.54,100000.0,[41926.8129471],[1.79460648],[0.85935394]
2025-08-01 04:11:30.956,34823.67,100000.0,[41926.8129471],[1.79460648],[0.48978438]
2025-08-01 04:26:30.956,34885.4,100000.0,[41926.8129471],[1.79460648],[-0.20036314]
2025-08-01 04:41:30.956,34835.92,100000.0,[41926.8129471],[1.79460648],[-0.50470455]
2025-08-01 04:56:30.956,34956.76,100000.0,[41926.8129471],[1.79460648],[0.16800887]
2025-08-01 05:11:30.956,34974.55,100000.0,[41926.8129471],[1.79460648],[0.28893807]
2025-08-01 05:26:30.956,35305.65,100000.0,[41926.8129471],[1.79460648],[-0.48269133]
2025-08-01 05:41:30.956,34713.59,100000.0,[41926.8129471],[1.79460648],[-0.47048043]
2025-08-01 05:56:30.956,35149.92,100000.0,[41926.8129471],[1.79460648],[0.0477699]
2025-08-01 06:11:30.956,34462.96,100000.0,[41926.8129471],[1.79460648],[-0.2036161]
2025-08-01 06:26:30.956,34476.03,100000.0,[41926.8129471],[1.79460648],[-0.77380052]
2025-08-01 06:41:30.956,34053.82,100000.0,[41926.8129471],[1.79460648],[0.6207192]
2025-08-01 06:56:30.956,34437.66,100000.0,[41926.8129471],[1.79460648],[-0.88074734]
2025-08-01 07:11:30.956,34796.24,100000.0,[41926.8129471],[1.79460648],[0.32851721]
2025-08-01 07:26:30.956,35153.82,100000.0,[41926.8129471],[1.79460648],[-0.05295514]
2025-08-01 07:41:30.956,35716.39,100000.0,[41926.8129471],[1.79460648],[-0.1067764]
2025-08-01 07:56:30.956,35715.99,100000.0,[41926.8129471],[1.79460648],[0.39644611]
2025-08-01 08:11:30.956,35593.75,100000.0,[41926.8129471],[1.79460648],[-0.01138903]
2025-08-01 08:26:30.956,34654.71,100000.0,[41926.8129471],[1.79460648],[0.02003523]
